/*
Navicat Oracle Data Transfer
Oracle Client Version : 11.2.0.4.0

Source Server         : gysglbj
Source Server Version : 90200
Source Host           : 10.106.2.223:1521
Source Schema         : GYSGLBJ

Target Server Type    : ORACLE
Target Server Version : 90200
File Encoding         : 65001

Date: 2017-06-23 18:50:11
*/


-- ----------------------------
-- Table structure for DIC_POPEDOM
-- ----------------------------
DROP TABLE "GYSGLBJ"."DIC_POPEDOM";
CREATE TABLE "GYSGLBJ"."DIC_POPEDOM" (
"ID" VARCHAR2(50 BYTE) DEFAULT sys_guid()  NOT NULL ,
"POPEDOM_NAME" VARCHAR2(50 BYTE) NULL ,
"FORWARD_ACTION" VARCHAR2(100 BYTE) NULL ,
"POPEDOM_TYPE" VARCHAR2(50 BYTE) NULL ,
"XH" NUMBER(4) NULL ,
"REMARK" VARCHAR2(50 BYTE) NULL ,
"FIELD1" NUMBER NULL ,
"FIELD2" VARCHAR2(200 BYTE) NULL ,
"PARENT_ID" VARCHAR2(50 BYTE) DEFAULT 0  NULL ,
"TARGET" VARCHAR2(50 BYTE) DEFAULT null  NULL ,
"NAV_ICON" VARCHAR2(300 BYTE) DEFAULT null  NULL ,
"NAV_ICON_WIDTH" VARCHAR2(3 BYTE) DEFAULT null  NULL ,
"NAV_ICON_HEIGHT" VARCHAR2(3 BYTE) DEFAULT null  NULL ,
"IS_MENU" NUMBER(1) DEFAULT 2  NULL 
)
LOGGING
NOCOMPRESS
NOCACHE

;
COMMENT ON TABLE "GYSGLBJ"."DIC_POPEDOM" IS '权限表';
COMMENT ON COLUMN "GYSGLBJ"."DIC_POPEDOM"."ID" IS '主键';
COMMENT ON COLUMN "GYSGLBJ"."DIC_POPEDOM"."POPEDOM_NAME" IS '名称';
COMMENT ON COLUMN "GYSGLBJ"."DIC_POPEDOM"."FORWARD_ACTION" IS 'URL';
COMMENT ON COLUMN "GYSGLBJ"."DIC_POPEDOM"."POPEDOM_TYPE" IS '权限类型,关联DIC_POPEDOM_TYPE';
COMMENT ON COLUMN "GYSGLBJ"."DIC_POPEDOM"."XH" IS '序号';
COMMENT ON COLUMN "GYSGLBJ"."DIC_POPEDOM"."REMARK" IS '备注';
COMMENT ON COLUMN "GYSGLBJ"."DIC_POPEDOM"."FIELD1" IS '预留字段1';
COMMENT ON COLUMN "GYSGLBJ"."DIC_POPEDOM"."FIELD2" IS '预留字段2';
COMMENT ON COLUMN "GYSGLBJ"."DIC_POPEDOM"."PARENT_ID" IS '父级ID';
COMMENT ON COLUMN "GYSGLBJ"."DIC_POPEDOM"."TARGET" IS '目标iframe容器id';
COMMENT ON COLUMN "GYSGLBJ"."DIC_POPEDOM"."NAV_ICON" IS '图标路径';
COMMENT ON COLUMN "GYSGLBJ"."DIC_POPEDOM"."NAV_ICON_WIDTH" IS '图标显示宽度';
COMMENT ON COLUMN "GYSGLBJ"."DIC_POPEDOM"."NAV_ICON_HEIGHT" IS '图标显示高度';
COMMENT ON COLUMN "GYSGLBJ"."DIC_POPEDOM"."IS_MENU" IS '是否是菜单 1 是 2 否';

-- ----------------------------
-- Records of DIC_POPEDOM
-- ----------------------------
INSERT INTO "GYSGLBJ"."DIC_POPEDOM" VALUES ('4E85D7240102B0C0E0537F000001B0C0', '系统管理', null, null, '4', null, null, null, '0', null, null, null, null, '1');
INSERT INTO "GYSGLBJ"."DIC_POPEDOM" VALUES ('4F3A7FB1C2E3A080E0537F000001A080', '主要权限配置', null, null, '23', null, null, null, '0', null, null, null, null, '2');
INSERT INTO "GYSGLBJ"."DIC_POPEDOM" VALUES ('4F3A7FB1C2E4A080E0537F000001A080', '主页', '/', null, '24', null, null, null, '4F3A7FB1C2E3A080E0537F000001A080', null, null, null, null, '2');
INSERT INTO "GYSGLBJ"."DIC_POPEDOM" VALUES ('4F3A7FB1C2E5A080E0537F000001A080', '左侧菜单页面', '/left', null, '25', null, null, null, '4F3A7FB1C2E3A080E0537F000001A080', null, null, null, null, '2');
INSERT INTO "GYSGLBJ"."DIC_POPEDOM" VALUES ('4F3A7FB1C2E6A080E0537F000001A080', '右侧内容页面', '/open', null, '26', null, null, null, '4F3A7FB1C2E3A080E0537F000001A080', null, null, null, null, '2');
INSERT INTO "GYSGLBJ"."DIC_POPEDOM" VALUES ('4F3C76D2C3E3F002E0537F000001F002', '角色列表', '/role/list', null, '28', null, null, null, '4F138DC1A792B040E0537F000001B040', null, null, null, null, '2');
INSERT INTO "GYSGLBJ"."DIC_POPEDOM" VALUES ('4F138DC1A791B040E0537F000001B040', '用户管理', '/user', null, '6', null, null, null, '4E85D7240102B0C0E0537F000001B0C0', 'frmright', '/libs/icons/png/14.png', '40', '40', '1');
INSERT INTO "GYSGLBJ"."DIC_POPEDOM" VALUES ('4F138DC1A792B040E0537F000001B040', '角色管理', '/role', null, '5', null, null, null, '4E85D7240102B0C0E0537F000001B0C0', 'frmright', '/libs/icons/png/15.png', '40', '40', '1');
INSERT INTO "GYSGLBJ"."DIC_POPEDOM" VALUES ('4F138DC1A793B040E0537F000001B040', '权限管理', '/popedom', null, '7', null, null, null, '4E85D7240102B0C0E0537F000001B0C0', 'frmright', '/libs/icons/png/13.png', '40', '40', '1');
INSERT INTO "GYSGLBJ"."DIC_POPEDOM" VALUES ('4F3C14B4908B708EE0537F000001708E', '权限列表', '/popedomMatch/list', null, '43', null, null, null, '4F138DC1A792B040E0537F000001B040', null, null, null, null, '2');
INSERT INTO "GYSGLBJ"."DIC_POPEDOM" VALUES ('4F3E74648F34104EE0537F000001104E', '注销', '/login/logOut', null, '32', null, null, null, '4F3A7FB1C2E3A080E0537F000001A080', null, null, null, null, '2');
INSERT INTO "GYSGLBJ"."DIC_POPEDOM" VALUES ('4F3E74648F38104EE0537F000001104E', '修改', '/popedom/update', null, '36', null, null, null, '4F138DC1A793B040E0537F000001B040', null, null, null, null, '2');
INSERT INTO "GYSGLBJ"."DIC_POPEDOM" VALUES ('4F3E74648F36104EE0537F000001104E', '权限管理列表', '/popedom/list', null, '34', null, null, null, '4F138DC1A793B040E0537F000001B040', null, null, null, null, '2');
INSERT INTO "GYSGLBJ"."DIC_POPEDOM" VALUES ('4F3E74648F37104EE0537F000001104E', '保存', '/popedom/save', null, '35', null, null, null, '4F138DC1A793B040E0537F000001B040', null, null, null, null, '2');
INSERT INTO "GYSGLBJ"."DIC_POPEDOM" VALUES ('4F3E74648F39104EE0537F000001104E', '删除', '/popedom/delete', null, '37', null, null, null, '4F138DC1A793B040E0537F000001B040', null, null, null, null, '2');
INSERT INTO "GYSGLBJ"."DIC_POPEDOM" VALUES ('4F3E74648F3A104EE0537F000001104E', '移动顺序', '/popedom/exchangePosition', null, '38', null, null, null, '4F138DC1A793B040E0537F000001B040', null, null, null, null, '2');
INSERT INTO "GYSGLBJ"."DIC_POPEDOM" VALUES ('4F3E74648F3B104EE0537F000001104E', '保存权限', '/popedomMatch/save', null, '44', null, null, null, '4F138DC1A792B040E0537F000001B040', null, null, null, null, '2');
INSERT INTO "GYSGLBJ"."DIC_POPEDOM" VALUES ('4F3E74648F3C104EE0537F000001104E', '添加页面', '/role/addView', null, '29', null, null, null, '4F138DC1A792B040E0537F000001B040', null, null, null, null, '2');
INSERT INTO "GYSGLBJ"."DIC_POPEDOM" VALUES ('4F3E74648F3D104EE0537F000001104E', '修改页面', '/role/updateView', null, '40', null, null, null, '4F138DC1A792B040E0537F000001B040', null, null, null, null, '2');
INSERT INTO "GYSGLBJ"."DIC_POPEDOM" VALUES ('4F3E74648F3E104EE0537F000001104E', '详情页面', '/role/detailView', null, '39', null, null, null, '4F138DC1A792B040E0537F000001B040', null, null, null, null, '2');
INSERT INTO "GYSGLBJ"."DIC_POPEDOM" VALUES ('4F3E74648F3F104EE0537F000001104E', '删除', '/role/delete', null, '42', null, null, null, '4F138DC1A792B040E0537F000001B040', null, null, null, null, '2');
INSERT INTO "GYSGLBJ"."DIC_POPEDOM" VALUES ('4F3E74648F40104EE0537F000001104E', '添加页面', '/user/addView', null, '49', null, null, null, '4F138DC1A791B040E0537F000001B040', null, null, null, null, '2');
INSERT INTO "GYSGLBJ"."DIC_POPEDOM" VALUES ('4F3E74648F41104EE0537F000001104E', '单位列表', '/user/unitList', null, '55', null, null, null, '4F138DC1A791B040E0537F000001B040', null, null, null, null, '2');
INSERT INTO "GYSGLBJ"."DIC_POPEDOM" VALUES ('4F3E74648F42104EE0537F000001104E', '科室列表', '/user/officeList', null, '56', null, null, null, '4F138DC1A791B040E0537F000001B040', null, null, null, null, '2');
INSERT INTO "GYSGLBJ"."DIC_POPEDOM" VALUES ('4F3E74648F43104EE0537F000001104E', '角色列表', '/user/roleList', null, '57', null, null, null, '4F138DC1A791B040E0537F000001B040', null, null, null, null, '2');
INSERT INTO "GYSGLBJ"."DIC_POPEDOM" VALUES ('4F3E75BAE2CB00B0E0537F00000100B0', '保存/修改角色', '/role/save', null, '41', null, null, null, '4F138DC1A792B040E0537F000001B040', null, null, null, null, '2');
INSERT INTO "GYSGLBJ"."DIC_POPEDOM" VALUES ('4F3E75BAE2D000B0E0537F00000100B0', '修改页面', '/user/updateView', null, '50', null, null, null, '4F138DC1A791B040E0537F000001B040', null, null, null, null, '2');
INSERT INTO "GYSGLBJ"."DIC_POPEDOM" VALUES ('4F3E75BAE2D100B0E0537F00000100B0', '详情页面', '/user/detailView', null, '51', null, null, null, '4F138DC1A791B040E0537F000001B040', null, null, null, null, '2');
INSERT INTO "GYSGLBJ"."DIC_POPEDOM" VALUES ('4F3E75BAE2D200B0E0537F00000100B0', '保存/修改', '/user/save', null, '52', null, null, null, '4F138DC1A791B040E0537F000001B040', null, null, null, null, '2');
INSERT INTO "GYSGLBJ"."DIC_POPEDOM" VALUES ('4F3E75BAE2D300B0E0537F00000100B0', '删除', '/user/delete', null, '53', null, null, null, '4F138DC1A791B040E0537F000001B040', null, null, null, null, '2');
INSERT INTO "GYSGLBJ"."DIC_POPEDOM" VALUES ('4F3E75BAE2D400B0E0537F00000100B0', '批量删除', '/user/deleteBatch', null, '54', null, null, null, '4F138DC1A791B040E0537F000001B040', null, null, null, null, '2');
INSERT INTO "GYSGLBJ"."DIC_POPEDOM" VALUES ('51E1C295C2BDE042E0537F000001E042', '保存密码', '/user/savePasswd', null, '278', null, null, null, '4F3A7FB1C2E3A080E0537F000001A080', null, null, null, null, '2');
INSERT INTO "GYSGLBJ"."DIC_POPEDOM" VALUES ('4F3E2AF25FC620A4E0537F00000120A4', '用户列表', '/user/list', null, '30', null, null, null, '4F138DC1A791B040E0537F000001B040', null, null, null, null, '2');
INSERT INTO "GYSGLBJ"."DIC_POPEDOM" VALUES ('5288C902BCFDB0CEE0537F000001B0CE', '供应商管理', '/gys', null, '300', null, null, null, '5288C587739E9060E0537F0000019060', 'frmright', '/libs/icons/png/18.png', '40', '40', '1');
INSERT INTO "GYSGLBJ"."DIC_POPEDOM" VALUES ('5288C587739E9060E0537F0000019060', '管理', null, null, '299', null, null, null, '0', null, null, null, null, '1');

-- ----------------------------
-- Table structure for DIC_ROLE
-- ----------------------------
DROP TABLE "GYSGLBJ"."DIC_ROLE";
CREATE TABLE "GYSGLBJ"."DIC_ROLE" (
"ID" VARCHAR2(50 BYTE) DEFAULT sys_guid()  NOT NULL ,
"ROLE_NAME" VARCHAR2(50 BYTE) NULL ,
"XH" NUMBER NULL ,
"REMARK" VARCHAR2(100 BYTE) NULL ,
"FIELD1" NUMBER NULL ,
"FIELD2" VARCHAR2(200 BYTE) NULL ,
"PARENT_ID" VARCHAR2(50 BYTE) DEFAULT 0  NULL 
)
LOGGING
NOCOMPRESS
NOCACHE

;
COMMENT ON COLUMN "GYSGLBJ"."DIC_ROLE"."ID" IS '主键id';
COMMENT ON COLUMN "GYSGLBJ"."DIC_ROLE"."ROLE_NAME" IS '角色名称';
COMMENT ON COLUMN "GYSGLBJ"."DIC_ROLE"."XH" IS '排序';
COMMENT ON COLUMN "GYSGLBJ"."DIC_ROLE"."REMARK" IS '注释';
COMMENT ON COLUMN "GYSGLBJ"."DIC_ROLE"."FIELD1" IS '预留字段1';
COMMENT ON COLUMN "GYSGLBJ"."DIC_ROLE"."FIELD2" IS '预留字段2';
COMMENT ON COLUMN "GYSGLBJ"."DIC_ROLE"."PARENT_ID" IS '父ID';

-- ----------------------------
-- Records of DIC_ROLE
-- ----------------------------
INSERT INTO "GYSGLBJ"."DIC_ROLE" VALUES ('4E88324742032042E0537F0000012042', '系统管理员', '1', '系统最高管理员角色', null, null, '0');

-- ----------------------------
-- Table structure for DIC_ROLE_POPEDOM
-- ----------------------------
DROP TABLE "GYSGLBJ"."DIC_ROLE_POPEDOM";
CREATE TABLE "GYSGLBJ"."DIC_ROLE_POPEDOM" (
"ID" VARCHAR2(50 BYTE) DEFAULT sys_guid()  NOT NULL ,
"ROLE_ID" VARCHAR2(50 BYTE) NULL ,
"POPEDOM_ID" VARCHAR2(50 BYTE) NULL 
)
LOGGING
NOCOMPRESS
NOCACHE

;
COMMENT ON TABLE "GYSGLBJ"."DIC_ROLE_POPEDOM" IS '角色权限表';
COMMENT ON COLUMN "GYSGLBJ"."DIC_ROLE_POPEDOM"."ID" IS '主键';
COMMENT ON COLUMN "GYSGLBJ"."DIC_ROLE_POPEDOM"."ROLE_ID" IS '外键关联role';
COMMENT ON COLUMN "GYSGLBJ"."DIC_ROLE_POPEDOM"."POPEDOM_ID" IS '外键关联权限';

-- ----------------------------
-- Records of DIC_ROLE_POPEDOM
-- ----------------------------
INSERT INTO "GYSGLBJ"."DIC_ROLE_POPEDOM" VALUES ('528395188916E0C8E0537F000001E0C8', '4E88324742032042E0537F0000012042', null);
INSERT INTO "GYSGLBJ"."DIC_ROLE_POPEDOM" VALUES ('528395188933E0C8E0537F000001E0C8', '4E88324742032042E0537F0000012042', '4E85D7240102B0C0E0537F000001B0C0');
INSERT INTO "GYSGLBJ"."DIC_ROLE_POPEDOM" VALUES ('528395188934E0C8E0537F000001E0C8', '4E88324742032042E0537F0000012042', '4F138DC1A791B040E0537F000001B040');
INSERT INTO "GYSGLBJ"."DIC_ROLE_POPEDOM" VALUES ('528395188935E0C8E0537F000001E0C8', '4E88324742032042E0537F0000012042', '4F3E2AF25FC620A4E0537F00000120A4');
INSERT INTO "GYSGLBJ"."DIC_ROLE_POPEDOM" VALUES ('528395188936E0C8E0537F000001E0C8', '4E88324742032042E0537F0000012042', '4F3E74648F40104EE0537F000001104E');
INSERT INTO "GYSGLBJ"."DIC_ROLE_POPEDOM" VALUES ('528395188937E0C8E0537F000001E0C8', '4E88324742032042E0537F0000012042', '4F3E75BAE2D000B0E0537F00000100B0');
INSERT INTO "GYSGLBJ"."DIC_ROLE_POPEDOM" VALUES ('528395188938E0C8E0537F000001E0C8', '4E88324742032042E0537F0000012042', '4F3E75BAE2D100B0E0537F00000100B0');
INSERT INTO "GYSGLBJ"."DIC_ROLE_POPEDOM" VALUES ('528395188939E0C8E0537F000001E0C8', '4E88324742032042E0537F0000012042', '4F3E75BAE2D200B0E0537F00000100B0');
INSERT INTO "GYSGLBJ"."DIC_ROLE_POPEDOM" VALUES ('52839518893AE0C8E0537F000001E0C8', '4E88324742032042E0537F0000012042', '4F3E75BAE2D300B0E0537F00000100B0');
INSERT INTO "GYSGLBJ"."DIC_ROLE_POPEDOM" VALUES ('52839518893BE0C8E0537F000001E0C8', '4E88324742032042E0537F0000012042', '4F3E75BAE2D400B0E0537F00000100B0');
INSERT INTO "GYSGLBJ"."DIC_ROLE_POPEDOM" VALUES ('52839518893CE0C8E0537F000001E0C8', '4E88324742032042E0537F0000012042', '4F3E74648F41104EE0537F000001104E');
INSERT INTO "GYSGLBJ"."DIC_ROLE_POPEDOM" VALUES ('52839518893DE0C8E0537F000001E0C8', '4E88324742032042E0537F0000012042', '4F3E74648F42104EE0537F000001104E');
INSERT INTO "GYSGLBJ"."DIC_ROLE_POPEDOM" VALUES ('52839518893EE0C8E0537F000001E0C8', '4E88324742032042E0537F0000012042', '4F3E74648F43104EE0537F000001104E');
INSERT INTO "GYSGLBJ"."DIC_ROLE_POPEDOM" VALUES ('528395188945E0C8E0537F000001E0C8', '4E88324742032042E0537F0000012042', '4F3A7FB1C2E3A080E0537F000001A080');
INSERT INTO "GYSGLBJ"."DIC_ROLE_POPEDOM" VALUES ('528395188946E0C8E0537F000001E0C8', '4E88324742032042E0537F0000012042', '4F3A7FB1C2E4A080E0537F000001A080');
INSERT INTO "GYSGLBJ"."DIC_ROLE_POPEDOM" VALUES ('528395188947E0C8E0537F000001E0C8', '4E88324742032042E0537F0000012042', '4F3A7FB1C2E5A080E0537F000001A080');
INSERT INTO "GYSGLBJ"."DIC_ROLE_POPEDOM" VALUES ('528395188948E0C8E0537F000001E0C8', '4E88324742032042E0537F0000012042', '4F3A7FB1C2E6A080E0537F000001A080');
INSERT INTO "GYSGLBJ"."DIC_ROLE_POPEDOM" VALUES ('528395188949E0C8E0537F000001E0C8', '4E88324742032042E0537F0000012042', '4F3E74648F34104EE0537F000001104E');
INSERT INTO "GYSGLBJ"."DIC_ROLE_POPEDOM" VALUES ('52839518894BE0C8E0537F000001E0C8', '4E88324742032042E0537F0000012042', '51E1C295C2BDE042E0537F000001E042');

-- ----------------------------
-- Table structure for DIC_USER
-- ----------------------------
DROP TABLE "GYSGLBJ"."DIC_USER";
CREATE TABLE "GYSGLBJ"."DIC_USER" (
"ID" VARCHAR2(50 BYTE) DEFAULT sys_guid()  NOT NULL ,
"USER_CODE" VARCHAR2(50 BYTE) NULL ,
"USER_NAME" VARCHAR2(50 BYTE) NULL ,
"PASSWD" VARCHAR2(50 BYTE) NULL ,
"OFFICE_ID" VARCHAR2(50 BYTE) NULL ,
"OFFICE_NAME" VARCHAR2(100 BYTE) NULL ,
"UNIT_ID" VARCHAR2(50 BYTE) NULL ,
"UNIT_NAME" VARCHAR2(100 BYTE) NULL ,
"ROLE_ID" VARCHAR2(50 BYTE) NULL ,
"ROLE_NAME" VARCHAR2(100 BYTE) NULL ,
"REMARK" VARCHAR2(50 BYTE) NULL ,
"FIELD1" NUMBER NULL ,
"FIELD2" VARCHAR2(200 BYTE) NULL ,
"ENTRY_TIME" DATE DEFAULT sysdate  NULL ,
"CREATER_ID" VARCHAR2(50 BYTE) NULL ,
"PARENT_ID" VARCHAR2(50 BYTE) NULL 
)
LOGGING
NOCOMPRESS
NOCACHE

;
COMMENT ON TABLE "GYSGLBJ"."DIC_USER" IS '用户字典表';
COMMENT ON COLUMN "GYSGLBJ"."DIC_USER"."ID" IS '主键ID';
COMMENT ON COLUMN "GYSGLBJ"."DIC_USER"."USER_CODE" IS '用户代码';
COMMENT ON COLUMN "GYSGLBJ"."DIC_USER"."USER_NAME" IS '用户名（显示名）';
COMMENT ON COLUMN "GYSGLBJ"."DIC_USER"."PASSWD" IS '密码';
COMMENT ON COLUMN "GYSGLBJ"."DIC_USER"."OFFICE_ID" IS '科室ID';
COMMENT ON COLUMN "GYSGLBJ"."DIC_USER"."OFFICE_NAME" IS '科室名称';
COMMENT ON COLUMN "GYSGLBJ"."DIC_USER"."UNIT_ID" IS '单位ID';
COMMENT ON COLUMN "GYSGLBJ"."DIC_USER"."UNIT_NAME" IS '单位名称';
COMMENT ON COLUMN "GYSGLBJ"."DIC_USER"."ROLE_ID" IS '角色ID';
COMMENT ON COLUMN "GYSGLBJ"."DIC_USER"."ROLE_NAME" IS '角色名称';
COMMENT ON COLUMN "GYSGLBJ"."DIC_USER"."REMARK" IS '备注';
COMMENT ON COLUMN "GYSGLBJ"."DIC_USER"."FIELD1" IS '预留字段1';
COMMENT ON COLUMN "GYSGLBJ"."DIC_USER"."FIELD2" IS '预留字段2';
COMMENT ON COLUMN "GYSGLBJ"."DIC_USER"."ENTRY_TIME" IS '录入时间';
COMMENT ON COLUMN "GYSGLBJ"."DIC_USER"."CREATER_ID" IS '创建者ID';
COMMENT ON COLUMN "GYSGLBJ"."DIC_USER"."PARENT_ID" IS '父ID';

-- ----------------------------
-- Records of DIC_USER
-- ----------------------------
INSERT INTO "GYSGLBJ"."DIC_USER" VALUES ('4F0FB8C505AB00A4E0537F00000100A4', 'root', '超级管理员', '123456', '4E08C30CFC62000AE0537F000001000A', null, '4E08C30CFC5F000AE0537F000001000A', null, null, null, '最高权限管理员', null, null, TO_DATE('2017-05-09 00:00:00', 'YYYY-MM-DD HH24:MI:SS'), '0', '0');
INSERT INTO "GYSGLBJ"."DIC_USER" VALUES ('4EC154E587A0F072E0537F000001F072', 'admin', '路局管理员', '123456', '507E4A6D6629E082E0537F000001E082', null, '4E08C30CFC5E000AE0537F000001000A', null, '4E88324742032042E0537F0000012042', null, '测试', null, null, TO_DATE('2017-05-08 00:00:00', 'YYYY-MM-DD HH24:MI:SS'), '4F0FB8C505AB00A4E0537F00000100A4', '4F0FB8C505AB00A4E0537F00000100A4');

-- ----------------------------
-- Table structure for E_CERTIFICATE
-- ----------------------------
DROP TABLE "GYSGLBJ"."E_CERTIFICATE";
CREATE TABLE "GYSGLBJ"."E_CERTIFICATE" (
"ID" VARCHAR2(50 BYTE) DEFAULT sys_guid()  NOT NULL ,
"NO" VARCHAR2(50 BYTE) NULL ,
"NAME" VARCHAR2(50 BYTE) NULL ,
"CONTENT" VARCHAR2(50 BYTE) NULL ,
"START_TIME" DATE NULL ,
"END_TIME" DATE NULL ,
"UNIT" VARCHAR2(50 BYTE) NULL 
)
LOGGING
NOCOMPRESS
NOCACHE

;
COMMENT ON TABLE "GYSGLBJ"."E_CERTIFICATE" IS '资质证书';
COMMENT ON COLUMN "GYSGLBJ"."E_CERTIFICATE"."ID" IS 'ID';
COMMENT ON COLUMN "GYSGLBJ"."E_CERTIFICATE"."NO" IS '编号';
COMMENT ON COLUMN "GYSGLBJ"."E_CERTIFICATE"."NAME" IS '名称';
COMMENT ON COLUMN "GYSGLBJ"."E_CERTIFICATE"."CONTENT" IS '内容';
COMMENT ON COLUMN "GYSGLBJ"."E_CERTIFICATE"."START_TIME" IS '证书有效期(起始日期)';
COMMENT ON COLUMN "GYSGLBJ"."E_CERTIFICATE"."END_TIME" IS '证书有效期(终止日期)';
COMMENT ON COLUMN "GYSGLBJ"."E_CERTIFICATE"."UNIT" IS '发证单位';

-- ----------------------------
-- Records of E_CERTIFICATE
-- ----------------------------

-- ----------------------------
-- Table structure for E_PROJECT
-- ----------------------------
DROP TABLE "GYSGLBJ"."E_PROJECT";
CREATE TABLE "GYSGLBJ"."E_PROJECT" (
"ID" VARCHAR2(50 BYTE) DEFAULT sys_guid()  NOT NULL ,
"NAME" VARCHAR2(80 BYTE) NULL ,
"NO" VARCHAR2(50 BYTE) NULL ,
"REMARK" VARCHAR2(10 BYTE) NULL ,
"ENTRY_TIME" DATE DEFAULT sysdate  NULL ,
"CREATER_ID" VARCHAR2(50 BYTE) NULL 
)
LOGGING
NOCOMPRESS
NOCACHE

;
COMMENT ON TABLE "GYSGLBJ"."E_PROJECT" IS '项目表';
COMMENT ON COLUMN "GYSGLBJ"."E_PROJECT"."ID" IS 'ID';
COMMENT ON COLUMN "GYSGLBJ"."E_PROJECT"."NAME" IS '名称';
COMMENT ON COLUMN "GYSGLBJ"."E_PROJECT"."NO" IS '编号';
COMMENT ON COLUMN "GYSGLBJ"."E_PROJECT"."REMARK" IS '备注';
COMMENT ON COLUMN "GYSGLBJ"."E_PROJECT"."ENTRY_TIME" IS '录入时间';
COMMENT ON COLUMN "GYSGLBJ"."E_PROJECT"."CREATER_ID" IS '创建者ID';

-- ----------------------------
-- Records of E_PROJECT
-- ----------------------------

-- ----------------------------
-- Table structure for E_QUOTE
-- ----------------------------
DROP TABLE "GYSGLBJ"."E_QUOTE";
CREATE TABLE "GYSGLBJ"."E_QUOTE" (
"BJH" NVARCHAR2(255) NULL ,
"WZBM" NVARCHAR2(255) NULL ,
"WZMC" NVARCHAR2(255) NULL ,
"GGXH" NVARCHAR2(255) NULL ,
"JSYQ" NVARCHAR2(255) NULL ,
"JLDW" NVARCHAR2(255) NULL ,
"YCSL" NVARCHAR2(255) NULL ,
"DJXJ_BHS" NVARCHAR2(255) NULL ,
"ZXJ_BHS" NVARCHAR2(255) NULL ,
"SYDWJDQ" NVARCHAR2(255) NULL ,
"CSBDJ_BHS" NVARCHAR2(255) NULL ,
"CSBZXJ_BHS" NVARCHAR2(255) NULL ,
"ID" VARCHAR2(50 BYTE) DEFAULT sys_guid()  NOT NULL ,
"ENTRY_TIME" DATE DEFAULT sysdate  NULL ,
"SUPPLIER_ID" VARCHAR2(50 BYTE) NOT NULL ,
"PROJECT_ID" VARCHAR2(50 BYTE) NULL 
)
LOGGING
NOCOMPRESS
NOCACHE

;
COMMENT ON TABLE "GYSGLBJ"."E_QUOTE" IS '报价表';
COMMENT ON COLUMN "GYSGLBJ"."E_QUOTE"."BJH" IS '包件号';
COMMENT ON COLUMN "GYSGLBJ"."E_QUOTE"."WZBM" IS '物资编码';
COMMENT ON COLUMN "GYSGLBJ"."E_QUOTE"."WZMC" IS '物资名称';
COMMENT ON COLUMN "GYSGLBJ"."E_QUOTE"."GGXH" IS '规格型号';
COMMENT ON COLUMN "GYSGLBJ"."E_QUOTE"."JSYQ" IS '技术要求';
COMMENT ON COLUMN "GYSGLBJ"."E_QUOTE"."JLDW" IS '计量单位';
COMMENT ON COLUMN "GYSGLBJ"."E_QUOTE"."YCSL" IS '预测数量';
COMMENT ON COLUMN "GYSGLBJ"."E_QUOTE"."DJXJ_BHS" IS '单价限价(不含税）';
COMMENT ON COLUMN "GYSGLBJ"."E_QUOTE"."ZXJ_BHS" IS '总限价（不含税）';
COMMENT ON COLUMN "GYSGLBJ"."E_QUOTE"."SYDWJDQ" IS '使用单位及地区';
COMMENT ON COLUMN "GYSGLBJ"."E_QUOTE"."CSBDJ_BHS" IS '厂商报单价(不含税）';
COMMENT ON COLUMN "GYSGLBJ"."E_QUOTE"."CSBZXJ_BHS" IS '厂商报总限价（不含税）';
COMMENT ON COLUMN "GYSGLBJ"."E_QUOTE"."ID" IS 'ID';
COMMENT ON COLUMN "GYSGLBJ"."E_QUOTE"."ENTRY_TIME" IS '录入时间';
COMMENT ON COLUMN "GYSGLBJ"."E_QUOTE"."SUPPLIER_ID" IS '供应商ID';
COMMENT ON COLUMN "GYSGLBJ"."E_QUOTE"."PROJECT_ID" IS '项目ID';

-- ----------------------------
-- Records of E_QUOTE
-- ----------------------------

-- ----------------------------
-- Table structure for E_SUPPLIER
-- ----------------------------
DROP TABLE "GYSGLBJ"."E_SUPPLIER";
CREATE TABLE "GYSGLBJ"."E_SUPPLIER" (
"GYSBH" NVARCHAR2(255) NULL ,
"SHXYDM" NVARCHAR2(255) NULL ,
"YYZZZCH" NVARCHAR2(255) NULL ,
"QYMC" NVARCHAR2(255) NULL ,
"FDDBR" NVARCHAR2(255) NULL ,
"FDDBRDH" NVARCHAR2(255) NULL ,
"SSS" NVARCHAR2(255) NULL ,
"SSS1" NVARCHAR2(255) NULL ,
"ZS" NVARCHAR2(255) NULL ,
"ZCZB" NVARCHAR2(255) NULL ,
"CLRQ" NVARCHAR2(255) NULL ,
"YYQX" NVARCHAR2(255) NULL ,
"QYLX" NVARCHAR2(255) NULL ,
"ZZJGDM" NVARCHAR2(255) NULL ,
"SWDJH" NVARCHAR2(255) NULL ,
"YXQ" NVARCHAR2(255) NULL ,
"YWLXR" NVARCHAR2(255) NULL ,
"LXRSJ" NVARCHAR2(255) NULL ,
"BGCZ" NVARCHAR2(255) NULL ,
"BGDH" NVARCHAR2(255) NULL ,
"LXRYX" NVARCHAR2(255) NULL ,
"LXRZW" NVARCHAR2(255) NULL ,
"BGDZ" NVARCHAR2(255) NULL ,
"ZZZS" NVARCHAR2(255) NULL ,
"BLGYSCFZQ" NVARCHAR2(255) NULL ,
"HMD" NVARCHAR2(255) NULL ,
"BLGYSXYPJDJ" NVARCHAR2(255) NULL ,
"GYSJYFW" NVARCHAR2(255) NULL ,
"ID" VARCHAR2(50 BYTE) DEFAULT sys_guid()  NOT NULL ,
"ENTRY_TIME" DATE DEFAULT sysdate  NULL ,
"CERTIFICATE_ID" VARCHAR2(50 BYTE) NULL 
)
LOGGING
NOCOMPRESS
NOCACHE

;
COMMENT ON TABLE "GYSGLBJ"."E_SUPPLIER" IS '供应商表';
COMMENT ON COLUMN "GYSGLBJ"."E_SUPPLIER"."GYSBH" IS '供应商编号';
COMMENT ON COLUMN "GYSGLBJ"."E_SUPPLIER"."SHXYDM" IS '社会信用代码';
COMMENT ON COLUMN "GYSGLBJ"."E_SUPPLIER"."YYZZZCH" IS '营业执照注册号';
COMMENT ON COLUMN "GYSGLBJ"."E_SUPPLIER"."QYMC" IS '企业名称';
COMMENT ON COLUMN "GYSGLBJ"."E_SUPPLIER"."FDDBR" IS '法定代表人';
COMMENT ON COLUMN "GYSGLBJ"."E_SUPPLIER"."FDDBRDH" IS '法定代表人电话';
COMMENT ON COLUMN "GYSGLBJ"."E_SUPPLIER"."SSS" IS '所属省';
COMMENT ON COLUMN "GYSGLBJ"."E_SUPPLIER"."SSS1" IS '所属市';
COMMENT ON COLUMN "GYSGLBJ"."E_SUPPLIER"."ZS" IS '住所';
COMMENT ON COLUMN "GYSGLBJ"."E_SUPPLIER"."ZCZB" IS '注册资本';
COMMENT ON COLUMN "GYSGLBJ"."E_SUPPLIER"."CLRQ" IS '成立日期';
COMMENT ON COLUMN "GYSGLBJ"."E_SUPPLIER"."YYQX" IS '营业期限';
COMMENT ON COLUMN "GYSGLBJ"."E_SUPPLIER"."QYLX" IS '企业类型';
COMMENT ON COLUMN "GYSGLBJ"."E_SUPPLIER"."ZZJGDM" IS '组织机构代码';
COMMENT ON COLUMN "GYSGLBJ"."E_SUPPLIER"."SWDJH" IS '税务登记号';
COMMENT ON COLUMN "GYSGLBJ"."E_SUPPLIER"."YXQ" IS '有效期';
COMMENT ON COLUMN "GYSGLBJ"."E_SUPPLIER"."YWLXR" IS '业务联系人';
COMMENT ON COLUMN "GYSGLBJ"."E_SUPPLIER"."LXRSJ" IS '联系人手机';
COMMENT ON COLUMN "GYSGLBJ"."E_SUPPLIER"."BGCZ" IS '办公传真';
COMMENT ON COLUMN "GYSGLBJ"."E_SUPPLIER"."BGDH" IS '办公电话';
COMMENT ON COLUMN "GYSGLBJ"."E_SUPPLIER"."LXRYX" IS '联系人邮箱';
COMMENT ON COLUMN "GYSGLBJ"."E_SUPPLIER"."LXRZW" IS '联系人职务';
COMMENT ON COLUMN "GYSGLBJ"."E_SUPPLIER"."BGDZ" IS '办公地址';
COMMENT ON COLUMN "GYSGLBJ"."E_SUPPLIER"."ZZZS" IS '资质证书';
COMMENT ON COLUMN "GYSGLBJ"."E_SUPPLIER"."BLGYSCFZQ" IS '不良供应商处罚周期';
COMMENT ON COLUMN "GYSGLBJ"."E_SUPPLIER"."HMD" IS '黑名单';
COMMENT ON COLUMN "GYSGLBJ"."E_SUPPLIER"."BLGYSXYPJDJ" IS '不良供应商信用评价等级';
COMMENT ON COLUMN "GYSGLBJ"."E_SUPPLIER"."GYSJYFW" IS '供应商经营范围';
COMMENT ON COLUMN "GYSGLBJ"."E_SUPPLIER"."ID" IS 'ID';
COMMENT ON COLUMN "GYSGLBJ"."E_SUPPLIER"."ENTRY_TIME" IS '录入时间';
COMMENT ON COLUMN "GYSGLBJ"."E_SUPPLIER"."CERTIFICATE_ID" IS '资质证书ID';

-- ----------------------------
-- Records of E_SUPPLIER
-- ----------------------------
INSERT INTO "GYSGLBJ"."E_SUPPLIER" VALUES ('1', '1', '1', '1', '1', '1', '1', '1', '1', '1', '1', '1', '1', '1', '1', '1', '1', '1', '1', '1', '1', '1', '1', '1', '1', '1', '1', '1', '528A19CACE4E60DAE0537F00000160DA', TO_DATE('2017-06-22 17:28:00', 'YYYY-MM-DD HH24:MI:SS'), null);

-- ----------------------------
-- View structure for VIEW_DIC_USER
-- ----------------------------
CREATE OR REPLACE FORCE VIEW "GYSGLBJ"."VIEW_DIC_USER" AS 
select r.role_name, t.ID, t.USER_NAME,t.passwd, t.USER_CODE, t.OFFICE_ID, t.UNIT_ID, t.ROLE_ID, t.REMARK, t.entry_time, t.PARENT_ID from DIC_USER t left join dic_role r on t.role_id = r.id;

-- ----------------------------
-- Sequence structure for DIC_POPEDOM_XH
-- ----------------------------
DROP SEQUENCE "GYSGLBJ"."DIC_POPEDOM_XH";
CREATE SEQUENCE "GYSGLBJ"."DIC_POPEDOM_XH"
 INCREMENT BY 1
 MINVALUE 1
 MAXVALUE 999999999999999999999999999
 START WITH 315
 CACHE 20;

-- ----------------------------
-- Indexes structure for table DIC_POPEDOM
-- ----------------------------

-- ----------------------------
-- Triggers structure for table DIC_POPEDOM
-- ----------------------------
CREATE OR REPLACE TRIGGER "GYSGLBJ"."DIC_POPEDOM_XH_TRIGGER" BEFORE INSERT ON "GYSGLBJ"."DIC_POPEDOM" REFERENCING OLD AS "OLD" NEW AS "NEW" FOR EACH ROW WHEN (new.XH is null)
begin
  select DIC_POPEDOM_XH.nextval into :new.XH from sys.dual;
end dic_popedom_xh_trigger;

-- ----------------------------
-- Checks structure for table DIC_POPEDOM
-- ----------------------------
ALTER TABLE "GYSGLBJ"."DIC_POPEDOM" ADD CHECK ("ID" IS NOT NULL);
ALTER TABLE "GYSGLBJ"."DIC_POPEDOM" ADD CHECK ("ID" IS NOT NULL);

-- ----------------------------
-- Primary Key structure for table DIC_POPEDOM
-- ----------------------------
ALTER TABLE "GYSGLBJ"."DIC_POPEDOM" ADD PRIMARY KEY ("ID");

-- ----------------------------
-- Indexes structure for table DIC_ROLE
-- ----------------------------

-- ----------------------------
-- Checks structure for table DIC_ROLE
-- ----------------------------
ALTER TABLE "GYSGLBJ"."DIC_ROLE" ADD CHECK ("ID" IS NOT NULL);
ALTER TABLE "GYSGLBJ"."DIC_ROLE" ADD CHECK ("ID" IS NOT NULL);

-- ----------------------------
-- Primary Key structure for table DIC_ROLE
-- ----------------------------
ALTER TABLE "GYSGLBJ"."DIC_ROLE" ADD PRIMARY KEY ("ID");

-- ----------------------------
-- Indexes structure for table DIC_ROLE_POPEDOM
-- ----------------------------

-- ----------------------------
-- Checks structure for table DIC_ROLE_POPEDOM
-- ----------------------------
ALTER TABLE "GYSGLBJ"."DIC_ROLE_POPEDOM" ADD CHECK ("ID" IS NOT NULL);

-- ----------------------------
-- Primary Key structure for table DIC_ROLE_POPEDOM
-- ----------------------------
ALTER TABLE "GYSGLBJ"."DIC_ROLE_POPEDOM" ADD PRIMARY KEY ("ID");

-- ----------------------------
-- Indexes structure for table DIC_USER
-- ----------------------------

-- ----------------------------
-- Checks structure for table DIC_USER
-- ----------------------------
ALTER TABLE "GYSGLBJ"."DIC_USER" ADD CHECK ("ID" IS NOT NULL);

-- ----------------------------
-- Primary Key structure for table DIC_USER
-- ----------------------------
ALTER TABLE "GYSGLBJ"."DIC_USER" ADD PRIMARY KEY ("ID");

-- ----------------------------
-- Indexes structure for table E_CERTIFICATE
-- ----------------------------

-- ----------------------------
-- Primary Key structure for table E_CERTIFICATE
-- ----------------------------
ALTER TABLE "GYSGLBJ"."E_CERTIFICATE" ADD PRIMARY KEY ("ID");

-- ----------------------------
-- Indexes structure for table E_PROJECT
-- ----------------------------

-- ----------------------------
-- Primary Key structure for table E_PROJECT
-- ----------------------------
ALTER TABLE "GYSGLBJ"."E_PROJECT" ADD PRIMARY KEY ("ID");

-- ----------------------------
-- Indexes structure for table E_QUOTE
-- ----------------------------

-- ----------------------------
-- Checks structure for table E_QUOTE
-- ----------------------------
ALTER TABLE "GYSGLBJ"."E_QUOTE" ADD CHECK ("SUPPLIER_ID" IS NOT NULL);
ALTER TABLE "GYSGLBJ"."E_QUOTE" ADD CHECK ("ID" IS NOT NULL);

-- ----------------------------
-- Primary Key structure for table E_QUOTE
-- ----------------------------
ALTER TABLE "GYSGLBJ"."E_QUOTE" ADD PRIMARY KEY ("ID");

-- ----------------------------
-- Indexes structure for table E_SUPPLIER
-- ----------------------------

-- ----------------------------
-- Checks structure for table E_SUPPLIER
-- ----------------------------
ALTER TABLE "GYSGLBJ"."E_SUPPLIER" ADD CHECK ("ID" IS NOT NULL);

-- ----------------------------
-- Primary Key structure for table E_SUPPLIER
-- ----------------------------
ALTER TABLE "GYSGLBJ"."E_SUPPLIER" ADD PRIMARY KEY ("ID");

-- ----------------------------
-- Foreign Key structure for table "GYSGLBJ"."DIC_ROLE_POPEDOM"
-- ----------------------------
ALTER TABLE "GYSGLBJ"."DIC_ROLE_POPEDOM" ADD FOREIGN KEY ("POPEDOM_ID") REFERENCES "GYSGLBJ"."DIC_POPEDOM" ("ID") ON DELETE CASCADE;
ALTER TABLE "GYSGLBJ"."DIC_ROLE_POPEDOM" ADD FOREIGN KEY ("ROLE_ID") REFERENCES "GYSGLBJ"."DIC_ROLE" ("ID") ON DELETE CASCADE;

-- ----------------------------
-- Foreign Key structure for table "GYSGLBJ"."DIC_USER"
-- ----------------------------
ALTER TABLE "GYSGLBJ"."DIC_USER" ADD FOREIGN KEY ("ROLE_ID") REFERENCES "GYSGLBJ"."DIC_ROLE" ("ID") ON DELETE SET NULL;

-- ----------------------------
-- Foreign Key structure for table "GYSGLBJ"."E_QUOTE"
-- ----------------------------
ALTER TABLE "GYSGLBJ"."E_QUOTE" ADD FOREIGN KEY ("PROJECT_ID") REFERENCES "GYSGLBJ"."E_PROJECT" ("ID");
ALTER TABLE "GYSGLBJ"."E_QUOTE" ADD FOREIGN KEY ("SUPPLIER_ID") REFERENCES "GYSGLBJ"."E_SUPPLIER" ("ID");

-- ----------------------------
-- Foreign Key structure for table "GYSGLBJ"."E_SUPPLIER"
-- ----------------------------
ALTER TABLE "GYSGLBJ"."E_SUPPLIER" ADD FOREIGN KEY ("CERTIFICATE_ID") REFERENCES "GYSGLBJ"."E_CERTIFICATE" ("ID");
