/*
Navicat Oracle Data Transfer
Oracle Client Version : 11.2.0.4.0

Source Server         : gysglbj
Source Server Version : 110200
Source Host           : 112.74.186.93:1521
Source Schema         : GYSGLBJ

Target Server Type    : ORACLE
Target Server Version : 110200
File Encoding         : 65001

Date: 2017-08-02 19:57:30
*/


-- ----------------------------
-- Table structure for DIC_POPEDOM
-- ----------------------------
DROP TABLE "GYSGLBJ"."DIC_POPEDOM";
CREATE TABLE "GYSGLBJ"."DIC_POPEDOM" (
"ID" VARCHAR2(50 BYTE) DEFAULT sys_guid()  NOT NULL ,
"POPEDOM_NAME" VARCHAR2(50 BYTE) NULL ,
"FORWARD_ACTION" VARCHAR2(100 BYTE) NULL ,
"POPEDOM_TYPE" VARCHAR2(50 BYTE) NULL ,
"XH" NUMBER(4) NULL ,
"REMARK" VARCHAR2(50 BYTE) NULL ,
"FIELD1" NUMBER NULL ,
"FIELD2" VARCHAR2(200 BYTE) NULL ,
"PARENT_ID" VARCHAR2(50 BYTE) DEFAULT 0  NULL ,
"TARGET" VARCHAR2(50 BYTE) DEFAULT null  NULL ,
"NAV_ICON" VARCHAR2(300 BYTE) DEFAULT null  NULL ,
"NAV_ICON_WIDTH" VARCHAR2(3 BYTE) DEFAULT null  NULL ,
"NAV_ICON_HEIGHT" VARCHAR2(3 BYTE) DEFAULT null  NULL ,
"IS_MENU" NUMBER(1) DEFAULT 2  NULL 
)
LOGGING
NOCOMPRESS
NOCACHE

;
COMMENT ON TABLE "GYSGLBJ"."DIC_POPEDOM" IS '权限表';
COMMENT ON COLUMN "GYSGLBJ"."DIC_POPEDOM"."ID" IS '主键';
COMMENT ON COLUMN "GYSGLBJ"."DIC_POPEDOM"."POPEDOM_NAME" IS '名称';
COMMENT ON COLUMN "GYSGLBJ"."DIC_POPEDOM"."FORWARD_ACTION" IS 'URL';
COMMENT ON COLUMN "GYSGLBJ"."DIC_POPEDOM"."POPEDOM_TYPE" IS '权限类型,关联DIC_POPEDOM_TYPE';
COMMENT ON COLUMN "GYSGLBJ"."DIC_POPEDOM"."XH" IS '序号';
COMMENT ON COLUMN "GYSGLBJ"."DIC_POPEDOM"."REMARK" IS '备注';
COMMENT ON COLUMN "GYSGLBJ"."DIC_POPEDOM"."FIELD1" IS '预留字段1';
COMMENT ON COLUMN "GYSGLBJ"."DIC_POPEDOM"."FIELD2" IS '预留字段2';
COMMENT ON COLUMN "GYSGLBJ"."DIC_POPEDOM"."PARENT_ID" IS '父级ID';
COMMENT ON COLUMN "GYSGLBJ"."DIC_POPEDOM"."TARGET" IS '目标iframe容器id';
COMMENT ON COLUMN "GYSGLBJ"."DIC_POPEDOM"."NAV_ICON" IS '图标路径';
COMMENT ON COLUMN "GYSGLBJ"."DIC_POPEDOM"."NAV_ICON_WIDTH" IS '图标显示宽度';
COMMENT ON COLUMN "GYSGLBJ"."DIC_POPEDOM"."NAV_ICON_HEIGHT" IS '图标显示高度';
COMMENT ON COLUMN "GYSGLBJ"."DIC_POPEDOM"."IS_MENU" IS '是否是菜单 1 是 2 否';

-- ----------------------------
-- Records of DIC_POPEDOM
-- ----------------------------
INSERT INTO "GYSGLBJ"."DIC_POPEDOM" VALUES ('C9FB06490A8F4ACDB42118F405C07D3D', '供应商导入数据', '/gys/importExcel', null, '355', null, null, null, '5288C902BCFDB0CEE0537F000001B0CE', null, null, null, null, '2');
INSERT INTO "GYSGLBJ"."DIC_POPEDOM" VALUES ('ADEF382193914A08840BEC78BE22F1E9', '项目预警', '/gys/findProjectOverDate', null, '395', null, null, null, '5324C11BF34D90ACE0537F00000190AC', null, null, null, null, '2');
INSERT INTO "GYSGLBJ"."DIC_POPEDOM" VALUES ('22ECF705E2BB4E1E851A64581DB919D4', '报价批量删除', '/quote/deleteBatch', null, '360', null, null, null, '5324C11BF34D90ACE0537F00000190AC', null, null, null, null, '2');
INSERT INTO "GYSGLBJ"."DIC_POPEDOM" VALUES ('5414B2376E283034E0537F0000013034', '报价选中', '/quote/filterView', null, '349', null, null, null, '5324C11BF34D90ACE0537F00000190AC', null, null, null, null, '2');
INSERT INTO "GYSGLBJ"."DIC_POPEDOM" VALUES ('5414B2376E293034E0537F0000013034', '报价筛选', '/quote/filterList', null, '350', null, null, null, '5324C11BF34D90ACE0537F00000190AC', null, null, null, null, '2');
INSERT INTO "GYSGLBJ"."DIC_POPEDOM" VALUES ('5414B2376EBF3034E0537F0000013034', '修改密码', '/user/modifyPasswd', null, '351', null, null, null, '4F3A7FB1C2E3A080E0537F000001A080', null, null, null, null, '2');
INSERT INTO "GYSGLBJ"."DIC_POPEDOM" VALUES ('4F3A7FB1C2E3A080E0537F000001A080', '主要权限配置', null, null, '315', null, null, null, '0', null, null, null, null, '2');
INSERT INTO "GYSGLBJ"."DIC_POPEDOM" VALUES ('4F3A7FB1C2E4A080E0537F000001A080', '主页', '/', null, '24', null, null, null, '4F3A7FB1C2E3A080E0537F000001A080', null, null, null, null, '2');
INSERT INTO "GYSGLBJ"."DIC_POPEDOM" VALUES ('4E85D7240102B0C0E0537F000001B0C0', '系统管理', null, null, '299', null, null, null, '0', null, null, null, null, '1');
INSERT INTO "GYSGLBJ"."DIC_POPEDOM" VALUES ('4F3A7FB1C2E5A080E0537F000001A080', '左侧菜单页面', '/left', null, '25', null, null, null, '4F3A7FB1C2E3A080E0537F000001A080', null, null, null, null, '2');
INSERT INTO "GYSGLBJ"."DIC_POPEDOM" VALUES ('4F3A7FB1C2E6A080E0537F000001A080', '右侧内容页面', '/open', null, '26', null, null, null, '4F3A7FB1C2E3A080E0537F000001A080', null, null, null, null, '2');
INSERT INTO "GYSGLBJ"."DIC_POPEDOM" VALUES ('4F3C76D2C3E3F002E0537F000001F002', '角色列表', '/role/list', null, '28', null, null, null, '4F138DC1A792B040E0537F000001B040', null, null, null, null, '2');
INSERT INTO "GYSGLBJ"."DIC_POPEDOM" VALUES ('4F138DC1A791B040E0537F000001B040', '用户管理', '/user', null, '6', null, null, null, '4E85D7240102B0C0E0537F000001B0C0', 'frmright', '/libs/icons/png/14.png', '40', '40', '1');
INSERT INTO "GYSGLBJ"."DIC_POPEDOM" VALUES ('4F138DC1A792B040E0537F000001B040', '角色管理', '/role', null, '5', null, null, null, '4E85D7240102B0C0E0537F000001B0C0', 'frmright', '/libs/icons/png/15.png', '40', '40', '1');
INSERT INTO "GYSGLBJ"."DIC_POPEDOM" VALUES ('4F138DC1A793B040E0537F000001B040', '权限管理', '/popedom', null, '7', null, null, null, '4E85D7240102B0C0E0537F000001B0C0', 'frmright', '/libs/icons/png/13.png', '40', '40', '1');
INSERT INTO "GYSGLBJ"."DIC_POPEDOM" VALUES ('4F3C14B4908B708EE0537F000001708E', '权限列表', '/popedomMatch/list', null, '43', null, null, null, '4F138DC1A792B040E0537F000001B040', null, null, null, null, '2');
INSERT INTO "GYSGLBJ"."DIC_POPEDOM" VALUES ('4F3E74648F34104EE0537F000001104E', '注销', '/login/logOut', null, '32', null, null, null, '4F3A7FB1C2E3A080E0537F000001A080', null, null, null, null, '2');
INSERT INTO "GYSGLBJ"."DIC_POPEDOM" VALUES ('4F3E74648F38104EE0537F000001104E', '修改', '/popedom/update', null, '36', null, null, null, '4F138DC1A793B040E0537F000001B040', null, null, null, null, '2');
INSERT INTO "GYSGLBJ"."DIC_POPEDOM" VALUES ('4F3E74648F36104EE0537F000001104E', '权限管理列表', '/popedom/list', null, '34', null, null, null, '4F138DC1A793B040E0537F000001B040', null, null, null, null, '2');
INSERT INTO "GYSGLBJ"."DIC_POPEDOM" VALUES ('4F3E74648F37104EE0537F000001104E', '保存', '/popedom/save', null, '35', null, null, null, '4F138DC1A793B040E0537F000001B040', null, null, null, null, '2');
INSERT INTO "GYSGLBJ"."DIC_POPEDOM" VALUES ('4F3E74648F39104EE0537F000001104E', '删除', '/popedom/delete', null, '37', null, null, null, '4F138DC1A793B040E0537F000001B040', null, null, null, null, '2');
INSERT INTO "GYSGLBJ"."DIC_POPEDOM" VALUES ('4F3E74648F3A104EE0537F000001104E', '移动顺序', '/popedom/exchangePosition', null, '38', null, null, null, '4F138DC1A793B040E0537F000001B040', null, null, null, null, '2');
INSERT INTO "GYSGLBJ"."DIC_POPEDOM" VALUES ('4F3E74648F3B104EE0537F000001104E', '保存权限', '/popedomMatch/save', null, '44', null, null, null, '4F138DC1A792B040E0537F000001B040', null, null, null, null, '2');
INSERT INTO "GYSGLBJ"."DIC_POPEDOM" VALUES ('4F3E74648F3C104EE0537F000001104E', '添加页面', '/role/addView', null, '29', null, null, null, '4F138DC1A792B040E0537F000001B040', null, null, null, null, '2');
INSERT INTO "GYSGLBJ"."DIC_POPEDOM" VALUES ('4F3E74648F3D104EE0537F000001104E', '修改页面', '/role/updateView', null, '40', null, null, null, '4F138DC1A792B040E0537F000001B040', null, null, null, null, '2');
INSERT INTO "GYSGLBJ"."DIC_POPEDOM" VALUES ('4F3E74648F3E104EE0537F000001104E', '详情页面', '/role/detailView', null, '39', null, null, null, '4F138DC1A792B040E0537F000001B040', null, null, null, null, '2');
INSERT INTO "GYSGLBJ"."DIC_POPEDOM" VALUES ('4F3E74648F3F104EE0537F000001104E', '删除', '/role/delete', null, '42', null, null, null, '4F138DC1A792B040E0537F000001B040', null, null, null, null, '2');
INSERT INTO "GYSGLBJ"."DIC_POPEDOM" VALUES ('4F3E74648F40104EE0537F000001104E', '添加页面', '/user/addView', null, '49', null, null, null, '4F138DC1A791B040E0537F000001B040', null, null, null, null, '2');
INSERT INTO "GYSGLBJ"."DIC_POPEDOM" VALUES ('4F3E74648F41104EE0537F000001104E', '单位列表', '/user/unitList', null, '55', null, null, null, '4F138DC1A791B040E0537F000001B040', null, null, null, null, '2');
INSERT INTO "GYSGLBJ"."DIC_POPEDOM" VALUES ('4F3E74648F42104EE0537F000001104E', '科室列表', '/user/officeList', null, '56', null, null, null, '4F138DC1A791B040E0537F000001B040', null, null, null, null, '2');
INSERT INTO "GYSGLBJ"."DIC_POPEDOM" VALUES ('4F3E74648F43104EE0537F000001104E', '角色列表', '/user/roleList', null, '57', null, null, null, '4F138DC1A791B040E0537F000001B040', null, null, null, null, '2');
INSERT INTO "GYSGLBJ"."DIC_POPEDOM" VALUES ('4F3E75BAE2CB00B0E0537F00000100B0', '保存/修改角色', '/role/save', null, '41', null, null, null, '4F138DC1A792B040E0537F000001B040', null, null, null, null, '2');
INSERT INTO "GYSGLBJ"."DIC_POPEDOM" VALUES ('4F3E75BAE2D000B0E0537F00000100B0', '修改页面', '/user/updateView', null, '50', null, null, null, '4F138DC1A791B040E0537F000001B040', null, null, null, null, '2');
INSERT INTO "GYSGLBJ"."DIC_POPEDOM" VALUES ('4F3E75BAE2D100B0E0537F00000100B0', '详情页面', '/user/detailView', null, '51', null, null, null, '4F138DC1A791B040E0537F000001B040', null, null, null, null, '2');
INSERT INTO "GYSGLBJ"."DIC_POPEDOM" VALUES ('4F3E75BAE2D200B0E0537F00000100B0', '保存/修改', '/user/save', null, '52', null, null, null, '4F138DC1A791B040E0537F000001B040', null, null, null, null, '2');
INSERT INTO "GYSGLBJ"."DIC_POPEDOM" VALUES ('4F3E75BAE2D300B0E0537F00000100B0', '删除', '/user/delete', null, '53', null, null, null, '4F138DC1A791B040E0537F000001B040', null, null, null, null, '2');
INSERT INTO "GYSGLBJ"."DIC_POPEDOM" VALUES ('4F3E75BAE2D400B0E0537F00000100B0', '批量删除', '/user/deleteBatch', null, '54', null, null, null, '4F138DC1A791B040E0537F000001B040', null, null, null, null, '2');
INSERT INTO "GYSGLBJ"."DIC_POPEDOM" VALUES ('51E1C295C2BDE042E0537F000001E042', '保存密码', '/user/savePasswd', null, '278', null, null, null, '4F3A7FB1C2E3A080E0537F000001A080', null, null, null, null, '2');
INSERT INTO "GYSGLBJ"."DIC_POPEDOM" VALUES ('4F3E2AF25FC620A4E0537F00000120A4', '用户列表', '/user/list', null, '30', null, null, null, '4F138DC1A791B040E0537F000001B040', null, null, null, null, '2');
INSERT INTO "GYSGLBJ"."DIC_POPEDOM" VALUES ('5288C902BCFDB0CEE0537F000001B0CE', '供应商', '/gys', null, '300', null, null, null, '5288C587739E9060E0537F0000019060', 'frmright', '/libs/icons/png/18.png', '40', '40', '1');
INSERT INTO "GYSGLBJ"."DIC_POPEDOM" VALUES ('5288C587739E9060E0537F0000019060', '供应商管理', null, null, '4', null, null, null, '0', null, null, null, null, '1');
INSERT INTO "GYSGLBJ"."DIC_POPEDOM" VALUES ('5324CB0E9DE0C0D2E0537F000001C0D2', '项目报价管理', null, null, '23', null, null, null, '0', null, null, null, null, '1');
INSERT INTO "GYSGLBJ"."DIC_POPEDOM" VALUES ('5324C11BF34D90ACE0537F00000190AC', '项目及报价', '/project', null, '316', null, null, null, '5324CB0E9DE0C0D2E0537F000001C0D2', 'frmright', '/libs/icons/png/07.png', '50', '50', '1');
INSERT INTO "GYSGLBJ"."DIC_POPEDOM" VALUES ('5405995B9AAF1016E0537F0000011016', '供应商列表', '/gys/list', null, '318', null, null, null, '5288C902BCFDB0CEE0537F000001B0CE', null, null, null, null, '2');
INSERT INTO "GYSGLBJ"."DIC_POPEDOM" VALUES ('5405995B9AB01016E0537F0000011016', '供应商添加', '/gys/addView', null, '319', null, null, null, '5288C902BCFDB0CEE0537F000001B0CE', null, null, null, null, '2');
INSERT INTO "GYSGLBJ"."DIC_POPEDOM" VALUES ('540577012721905CE0537F000001905C', '供应商批量删除', '/gys/deleteBatch', null, '320', null, null, null, '5288C902BCFDB0CEE0537F000001B0CE', null, null, null, null, '2');
INSERT INTO "GYSGLBJ"."DIC_POPEDOM" VALUES ('5405995B9AB11016E0537F0000011016', '供应商导入', '/gys/importView', null, '321', null, null, null, '5288C902BCFDB0CEE0537F000001B0CE', null, null, null, null, '2');
INSERT INTO "GYSGLBJ"."DIC_POPEDOM" VALUES ('5405995B9AB21016E0537F0000011016', '供应商导出模板', '/gys/export', null, '322', null, null, null, '5288C902BCFDB0CEE0537F000001B0CE', null, null, null, null, '2');
INSERT INTO "GYSGLBJ"."DIC_POPEDOM" VALUES ('5405995B9AB31016E0537F0000011016', '供应商查看', '/gys/detailView', null, '323', null, null, null, '5288C902BCFDB0CEE0537F000001B0CE', null, null, null, null, '2');
INSERT INTO "GYSGLBJ"."DIC_POPEDOM" VALUES ('5405995B9AB41016E0537F0000011016', '供应商修改', '/gys/updateView', null, '324', null, null, null, '5288C902BCFDB0CEE0537F000001B0CE', null, null, null, null, '2');
INSERT INTO "GYSGLBJ"."DIC_POPEDOM" VALUES ('5405995B9AB51016E0537F0000011016', '供应商删除', '/gys/delete', null, '325', null, null, null, '5288C902BCFDB0CEE0537F000001B0CE', null, null, null, null, '2');
INSERT INTO "GYSGLBJ"."DIC_POPEDOM" VALUES ('5405995B9AB61016E0537F0000011016', '证书添加', '/certificate/addViewSon', null, '326', null, null, null, '5288C902BCFDB0CEE0537F000001B0CE', null, null, null, null, '2');
INSERT INTO "GYSGLBJ"."DIC_POPEDOM" VALUES ('5405995B9AB71016E0537F0000011016', '证书导入', '/certificate/importView', null, '327', null, null, null, '5288C902BCFDB0CEE0537F000001B0CE', null, null, null, null, '2');
INSERT INTO "GYSGLBJ"."DIC_POPEDOM" VALUES ('5405995B9AB81016E0537F0000011016', '证书导出模板', '/certificate/export', null, '328', null, null, null, '5288C902BCFDB0CEE0537F000001B0CE', null, null, null, null, '2');
INSERT INTO "GYSGLBJ"."DIC_POPEDOM" VALUES ('5405995B9AB91016E0537F0000011016', '证书查看', '/certificate/detailViewSon', null, '329', null, null, null, '5288C902BCFDB0CEE0537F000001B0CE', null, null, null, null, '2');
INSERT INTO "GYSGLBJ"."DIC_POPEDOM" VALUES ('5405995B9ABA1016E0537F0000011016', '证书修改', '/certificate/updateViewSon', null, '330', null, null, null, '5288C902BCFDB0CEE0537F000001B0CE', null, null, null, null, '2');
INSERT INTO "GYSGLBJ"."DIC_POPEDOM" VALUES ('5405995B9ABB1016E0537F0000011016', '证书删除', '/certificate/deleteSon', null, '331', null, null, null, '5288C902BCFDB0CEE0537F000001B0CE', null, null, null, null, '2');
INSERT INTO "GYSGLBJ"."DIC_POPEDOM" VALUES ('5415801B087E6064E0537F0000016064', '证书子页面展示', '/gys/showCer', null, '333', null, null, null, '5288C902BCFDB0CEE0537F000001B0CE', null, null, null, null, '2');
INSERT INTO "GYSGLBJ"."DIC_POPEDOM" VALUES ('5415801B08B56064E0537F0000016064', '项目列表', '/project/list', null, '334', null, null, null, '5324C11BF34D90ACE0537F00000190AC', null, null, null, null, '2');
INSERT INTO "GYSGLBJ"."DIC_POPEDOM" VALUES ('5415801B08B66064E0537F0000016064', '报价列表', '/quote/list', null, '335', null, null, null, '5324C11BF34D90ACE0537F00000190AC', null, null, null, null, '2');
INSERT INTO "GYSGLBJ"."DIC_POPEDOM" VALUES ('5415801B08B76064E0537F0000016064', '项目查看', '/project/detailView', null, '336', null, null, null, '5324C11BF34D90ACE0537F00000190AC', null, null, null, null, '2');
INSERT INTO "GYSGLBJ"."DIC_POPEDOM" VALUES ('5415801B08B86064E0537F0000016064', '项目新增', '/project/addView', null, '337', null, null, null, '5324C11BF34D90ACE0537F00000190AC', null, null, null, null, '2');
INSERT INTO "GYSGLBJ"."DIC_POPEDOM" VALUES ('5415801B08B96064E0537F0000016064', '项目修改', '/project/updateView', null, '338', null, null, null, '5324C11BF34D90ACE0537F00000190AC', null, null, null, null, '2');
INSERT INTO "GYSGLBJ"."DIC_POPEDOM" VALUES ('5415801B08BA6064E0537F0000016064', '项目删除', '/project/delete', null, '339', null, null, null, '5324C11BF34D90ACE0537F00000190AC', null, null, null, null, '2');
INSERT INTO "GYSGLBJ"."DIC_POPEDOM" VALUES ('5415801B08BB6064E0537F0000016064', '项目导出模板', '/project/export', null, '340', null, null, null, '5324C11BF34D90ACE0537F00000190AC', null, null, null, null, '2');
INSERT INTO "GYSGLBJ"."DIC_POPEDOM" VALUES ('5415801B08BD6064E0537F0000016064', '报价导入', '/quote/importView', null, '342', null, null, null, '5324C11BF34D90ACE0537F00000190AC', null, null, null, null, '2');
INSERT INTO "GYSGLBJ"."DIC_POPEDOM" VALUES ('5415801B08BE6064E0537F0000016064', '报价新增', '/quote/addView', null, '343', null, null, null, '5324C11BF34D90ACE0537F00000190AC', null, null, null, null, '2');
INSERT INTO "GYSGLBJ"."DIC_POPEDOM" VALUES ('5415801B08BF6064E0537F0000016064', '报价查看', '/quote/detailView', null, '344', null, null, null, '5324C11BF34D90ACE0537F00000190AC', null, null, null, null, '2');
INSERT INTO "GYSGLBJ"."DIC_POPEDOM" VALUES ('5415801B08C06064E0537F0000016064', '报价修改', '/quote/updateView', null, '345', null, null, null, '5324C11BF34D90ACE0537F00000190AC', null, null, null, null, '2');
INSERT INTO "GYSGLBJ"."DIC_POPEDOM" VALUES ('5415801B08C16064E0537F0000016064', '报价删除', '/quote/delete', null, '346', null, null, null, '5324C11BF34D90ACE0537F00000190AC', null, null, null, null, '2');
INSERT INTO "GYSGLBJ"."DIC_POPEDOM" VALUES ('5415801B08C26064E0537F0000016064', '报价批量删除', '/quote/deleteBatch', null, '347', null, null, null, '5324C11BF34D90ACE0537F00000190AC', null, null, null, null, '2');
INSERT INTO "GYSGLBJ"."DIC_POPEDOM" VALUES ('597E9758F015461D81A275121786373E', '证书导入数据', '/certificate/importExcel', null, '356', null, null, null, '5288C902BCFDB0CEE0537F000001B0CE', null, null, null, null, '2');
INSERT INTO "GYSGLBJ"."DIC_POPEDOM" VALUES ('29254DF116DB4698BCFC6909A6BAE49C', '项目保存', '/project/save', null, '362', null, null, null, '5324C11BF34D90ACE0537F00000190AC', null, null, null, null, '2');
INSERT INTO "GYSGLBJ"."DIC_POPEDOM" VALUES ('18D062E2861B497F9B6692CDD0E00826', '保存', '/gys/save', null, '365', null, null, null, '5288C902BCFDB0CEE0537F000001B0CE', null, null, null, null, '2');
INSERT INTO "GYSGLBJ"."DIC_POPEDOM" VALUES ('226B29542852490185F5B09F3190DD66', '项目报价保存', '/quote/save', null, '364', null, null, null, '5324C11BF34D90ACE0537F00000190AC', null, null, null, null, '2');
INSERT INTO "GYSGLBJ"."DIC_POPEDOM" VALUES ('0B5623EFA3F146A7B16D41B551585624', '新增', '/certificate/save', null, '367', null, null, null, '5288C902BCFDB0CEE0537F000001B0CE', null, null, null, null, '2');
INSERT INTO "GYSGLBJ"."DIC_POPEDOM" VALUES ('56249F4C8B5D415B9E893B8C0F394BBA', '导出', '/quote/filterDataExport', null, '376', null, null, null, '5324C11BF34D90ACE0537F00000190AC', null, null, null, null, '2');
INSERT INTO "GYSGLBJ"."DIC_POPEDOM" VALUES ('E557EA3961FD4717BBA1303F353EBCA3', '过期列表', '/gys/findOverDate', null, '375', null, null, null, '5288C902BCFDB0CEE0537F000001B0CE', null, null, null, null, '2');
INSERT INTO "GYSGLBJ"."DIC_POPEDOM" VALUES ('199C1DB1FE4A47DCAAE46B512F102DCE', '报价导入', '/quote/importExcel', null, '377', null, null, null, '5324C11BF34D90ACE0537F00000190AC', null, null, null, null, '2');

-- ----------------------------
-- Table structure for DIC_ROLE
-- ----------------------------
DROP TABLE "GYSGLBJ"."DIC_ROLE";
CREATE TABLE "GYSGLBJ"."DIC_ROLE" (
"ID" VARCHAR2(50 BYTE) DEFAULT sys_guid()  NOT NULL ,
"ROLE_NAME" VARCHAR2(50 BYTE) NULL ,
"XH" NUMBER NULL ,
"REMARK" VARCHAR2(100 BYTE) NULL ,
"FIELD1" NUMBER NULL ,
"FIELD2" VARCHAR2(200 BYTE) NULL ,
"PARENT_ID" VARCHAR2(50 BYTE) DEFAULT 0  NULL 
)
LOGGING
NOCOMPRESS
NOCACHE

;
COMMENT ON COLUMN "GYSGLBJ"."DIC_ROLE"."ID" IS '主键id';
COMMENT ON COLUMN "GYSGLBJ"."DIC_ROLE"."ROLE_NAME" IS '角色名称';
COMMENT ON COLUMN "GYSGLBJ"."DIC_ROLE"."XH" IS '排序';
COMMENT ON COLUMN "GYSGLBJ"."DIC_ROLE"."REMARK" IS '注释';
COMMENT ON COLUMN "GYSGLBJ"."DIC_ROLE"."FIELD1" IS '预留字段1';
COMMENT ON COLUMN "GYSGLBJ"."DIC_ROLE"."FIELD2" IS '预留字段2';
COMMENT ON COLUMN "GYSGLBJ"."DIC_ROLE"."PARENT_ID" IS '父ID';

-- ----------------------------
-- Records of DIC_ROLE
-- ----------------------------
INSERT INTO "GYSGLBJ"."DIC_ROLE" VALUES ('5323D2F1CCFB1032E0537F0000011032', '操作员', null, '用户管理员', null, null, '0');
INSERT INTO "GYSGLBJ"."DIC_ROLE" VALUES ('4E88324742032042E0537F0000012042', '系统管理员', '1', '系统最高管理员角色', null, null, '0');

-- ----------------------------
-- Table structure for DIC_ROLE_POPEDOM
-- ----------------------------
DROP TABLE "GYSGLBJ"."DIC_ROLE_POPEDOM";
CREATE TABLE "GYSGLBJ"."DIC_ROLE_POPEDOM" (
"ID" VARCHAR2(50 BYTE) DEFAULT sys_guid()  NOT NULL ,
"ROLE_ID" VARCHAR2(50 BYTE) NULL ,
"POPEDOM_ID" VARCHAR2(50 BYTE) NULL 
)
LOGGING
NOCOMPRESS
NOCACHE

;
COMMENT ON TABLE "GYSGLBJ"."DIC_ROLE_POPEDOM" IS '角色权限表';
COMMENT ON COLUMN "GYSGLBJ"."DIC_ROLE_POPEDOM"."ID" IS '主键';
COMMENT ON COLUMN "GYSGLBJ"."DIC_ROLE_POPEDOM"."ROLE_ID" IS '外键关联role';
COMMENT ON COLUMN "GYSGLBJ"."DIC_ROLE_POPEDOM"."POPEDOM_ID" IS '外键关联权限';

-- ----------------------------
-- Records of DIC_ROLE_POPEDOM
-- ----------------------------
INSERT INTO "GYSGLBJ"."DIC_ROLE_POPEDOM" VALUES ('8C0B0A2F904846089A8ECE32F337539D', '4E88324742032042E0537F0000012042', '5414B2376E283034E0537F0000013034');
INSERT INTO "GYSGLBJ"."DIC_ROLE_POPEDOM" VALUES ('BBEC3262231B412B9D90F00B6D85A417', '4E88324742032042E0537F0000012042', '5414B2376E293034E0537F0000013034');
INSERT INTO "GYSGLBJ"."DIC_ROLE_POPEDOM" VALUES ('E7311DCE370E4DF38887B23FFF85B37B', '4E88324742032042E0537F0000012042', '22ECF705E2BB4E1E851A64581DB919D4');
INSERT INTO "GYSGLBJ"."DIC_ROLE_POPEDOM" VALUES ('A12E2687DECF457296C0FFC9DD59E1C0', '4E88324742032042E0537F0000012042', '29254DF116DB4698BCFC6909A6BAE49C');
INSERT INTO "GYSGLBJ"."DIC_ROLE_POPEDOM" VALUES ('0E877564B9D141F5922962F8A5F0ADA8', '4E88324742032042E0537F0000012042', '226B29542852490185F5B09F3190DD66');
INSERT INTO "GYSGLBJ"."DIC_ROLE_POPEDOM" VALUES ('BC2598B716824604BC84D9D061071240', '4E88324742032042E0537F0000012042', '56249F4C8B5D415B9E893B8C0F394BBA');
INSERT INTO "GYSGLBJ"."DIC_ROLE_POPEDOM" VALUES ('6132FB905B384013AC779D6071A91D65', '4E88324742032042E0537F0000012042', '199C1DB1FE4A47DCAAE46B512F102DCE');
INSERT INTO "GYSGLBJ"."DIC_ROLE_POPEDOM" VALUES ('667F391CDAF244BE982684C26EB9B40E', '4E88324742032042E0537F0000012042', 'ADEF382193914A08840BEC78BE22F1E9');
INSERT INTO "GYSGLBJ"."DIC_ROLE_POPEDOM" VALUES ('4229E19260A24CD8967465709AD3DA99', '4E88324742032042E0537F0000012042', '5288C587739E9060E0537F0000019060');
INSERT INTO "GYSGLBJ"."DIC_ROLE_POPEDOM" VALUES ('EE3E1A02559F45D2A2FDB7343D0A729F', '4E88324742032042E0537F0000012042', '5288C902BCFDB0CEE0537F000001B0CE');
INSERT INTO "GYSGLBJ"."DIC_ROLE_POPEDOM" VALUES ('78168E5463534A67B7FCFF2EBCDCFF7D', '4E88324742032042E0537F0000012042', '5405995B9AAF1016E0537F0000011016');
INSERT INTO "GYSGLBJ"."DIC_ROLE_POPEDOM" VALUES ('113D48F4183A4E1098B0D6B609DAE1B5', '4E88324742032042E0537F0000012042', '5405995B9AB01016E0537F0000011016');
INSERT INTO "GYSGLBJ"."DIC_ROLE_POPEDOM" VALUES ('95E26646E29146D385A30F7E8AB89977', '4E88324742032042E0537F0000012042', '540577012721905CE0537F000001905C');
INSERT INTO "GYSGLBJ"."DIC_ROLE_POPEDOM" VALUES ('6DCAD4C11811488B906FAF31ECB2A314', '4E88324742032042E0537F0000012042', '5405995B9AB11016E0537F0000011016');
INSERT INTO "GYSGLBJ"."DIC_ROLE_POPEDOM" VALUES ('5B56FD541D7846E59A2849AE09D0F5D9', '4E88324742032042E0537F0000012042', '5405995B9AB21016E0537F0000011016');
INSERT INTO "GYSGLBJ"."DIC_ROLE_POPEDOM" VALUES ('3DF74B3A762449E189295D29FEEB4D4E', '4E88324742032042E0537F0000012042', '5405995B9AB31016E0537F0000011016');
INSERT INTO "GYSGLBJ"."DIC_ROLE_POPEDOM" VALUES ('760AF933D63D4C9A80F5E4FEE21FFEA1', '4E88324742032042E0537F0000012042', '5405995B9AB41016E0537F0000011016');
INSERT INTO "GYSGLBJ"."DIC_ROLE_POPEDOM" VALUES ('5FB60A9416EA47A8A3F93EFE47DA0887', '4E88324742032042E0537F0000012042', '5405995B9AB51016E0537F0000011016');
INSERT INTO "GYSGLBJ"."DIC_ROLE_POPEDOM" VALUES ('83CE01D243BA4BA18B2A8038209A0CAD', '4E88324742032042E0537F0000012042', '5405995B9AB61016E0537F0000011016');
INSERT INTO "GYSGLBJ"."DIC_ROLE_POPEDOM" VALUES ('17383EFC7F9E459F8663779893ACAAF4', '4E88324742032042E0537F0000012042', '5405995B9AB71016E0537F0000011016');
INSERT INTO "GYSGLBJ"."DIC_ROLE_POPEDOM" VALUES ('D8106E74034F4A6C8F30EAD76931B4FB', '4E88324742032042E0537F0000012042', '5405995B9AB81016E0537F0000011016');
INSERT INTO "GYSGLBJ"."DIC_ROLE_POPEDOM" VALUES ('8EFDEA5BEC224EAC853315A674C9DDBD', '4E88324742032042E0537F0000012042', '5405995B9AB91016E0537F0000011016');
INSERT INTO "GYSGLBJ"."DIC_ROLE_POPEDOM" VALUES ('73C6DBC029874E118090A0C7EE265C55', '4E88324742032042E0537F0000012042', '5405995B9ABA1016E0537F0000011016');
INSERT INTO "GYSGLBJ"."DIC_ROLE_POPEDOM" VALUES ('70FF354909D94E7F97C6617068AF31FF', '4E88324742032042E0537F0000012042', '5405995B9ABB1016E0537F0000011016');
INSERT INTO "GYSGLBJ"."DIC_ROLE_POPEDOM" VALUES ('192979B671CD42DBA6E3358C4BB0BA09', '4E88324742032042E0537F0000012042', '5415801B087E6064E0537F0000016064');
INSERT INTO "GYSGLBJ"."DIC_ROLE_POPEDOM" VALUES ('FC00CE79F3A845A7A4F6AE2AF9E92E2B', '4E88324742032042E0537F0000012042', 'C9FB06490A8F4ACDB42118F405C07D3D');
INSERT INTO "GYSGLBJ"."DIC_ROLE_POPEDOM" VALUES ('351686FF1BA04D919470AFE27BF13D1D', '4E88324742032042E0537F0000012042', '597E9758F015461D81A275121786373E');
INSERT INTO "GYSGLBJ"."DIC_ROLE_POPEDOM" VALUES ('D692C9FB89F446BC9AB4AB3AC43E3538', '4E88324742032042E0537F0000012042', '18D062E2861B497F9B6692CDD0E00826');
INSERT INTO "GYSGLBJ"."DIC_ROLE_POPEDOM" VALUES ('E79AA4F43C3942E4BBA300359D783DC9', '4E88324742032042E0537F0000012042', '0B5623EFA3F146A7B16D41B551585624');
INSERT INTO "GYSGLBJ"."DIC_ROLE_POPEDOM" VALUES ('9013586B06FF4E81A3D5667BEFF38B6D', '4E88324742032042E0537F0000012042', 'E557EA3961FD4717BBA1303F353EBCA3');
INSERT INTO "GYSGLBJ"."DIC_ROLE_POPEDOM" VALUES ('1458D2FBC5704018997E258281F7AEA0', '4E88324742032042E0537F0000012042', '4E85D7240102B0C0E0537F000001B0C0');
INSERT INTO "GYSGLBJ"."DIC_ROLE_POPEDOM" VALUES ('77FC7A71E3854C8AAAE3DAEA04AC9FE7', '4E88324742032042E0537F0000012042', '4F138DC1A792B040E0537F000001B040');
INSERT INTO "GYSGLBJ"."DIC_ROLE_POPEDOM" VALUES ('A1C735AC84134A95AB1CAF24ECCD5B70', '4E88324742032042E0537F0000012042', '4F3C76D2C3E3F002E0537F000001F002');
INSERT INTO "GYSGLBJ"."DIC_ROLE_POPEDOM" VALUES ('9933E71DD1C1406D827C91441CE7100F', '4E88324742032042E0537F0000012042', '4F3E74648F3C104EE0537F000001104E');
INSERT INTO "GYSGLBJ"."DIC_ROLE_POPEDOM" VALUES ('E3E4486C4D2B4ABC8860004A424636EE', '4E88324742032042E0537F0000012042', '4F3E74648F3E104EE0537F000001104E');
INSERT INTO "GYSGLBJ"."DIC_ROLE_POPEDOM" VALUES ('77EEE06FA3F34029BAEF8C764B5CC637', '4E88324742032042E0537F0000012042', '4F3E74648F3D104EE0537F000001104E');
INSERT INTO "GYSGLBJ"."DIC_ROLE_POPEDOM" VALUES ('581FAE3523C54176B8D3BB6611368048', '4E88324742032042E0537F0000012042', '4F3E75BAE2CB00B0E0537F00000100B0');
INSERT INTO "GYSGLBJ"."DIC_ROLE_POPEDOM" VALUES ('60878715C8D04A259A612EFED56972A4', '4E88324742032042E0537F0000012042', '4F3E74648F3F104EE0537F000001104E');
INSERT INTO "GYSGLBJ"."DIC_ROLE_POPEDOM" VALUES ('49ECFD5776874E77966050E43A0C8917', '4E88324742032042E0537F0000012042', '4F3C14B4908B708EE0537F000001708E');
INSERT INTO "GYSGLBJ"."DIC_ROLE_POPEDOM" VALUES ('D2EB9418EA714C669550F8C1CA056580', '4E88324742032042E0537F0000012042', '4F3E74648F3B104EE0537F000001104E');
INSERT INTO "GYSGLBJ"."DIC_ROLE_POPEDOM" VALUES ('19F6623A3C7E47F493124601FF4F2812', '4E88324742032042E0537F0000012042', '4F138DC1A791B040E0537F000001B040');
INSERT INTO "GYSGLBJ"."DIC_ROLE_POPEDOM" VALUES ('0DB41C3011204201A3D5E60D71FFE283', '4E88324742032042E0537F0000012042', '4F3E2AF25FC620A4E0537F00000120A4');
INSERT INTO "GYSGLBJ"."DIC_ROLE_POPEDOM" VALUES ('FA1D2FBD57254B2F905FAAEA2B811C62', '4E88324742032042E0537F0000012042', '4F3E74648F40104EE0537F000001104E');
INSERT INTO "GYSGLBJ"."DIC_ROLE_POPEDOM" VALUES ('67C8915294734435AC9B63D2D75530E9', '4E88324742032042E0537F0000012042', '4F3E75BAE2D000B0E0537F00000100B0');
INSERT INTO "GYSGLBJ"."DIC_ROLE_POPEDOM" VALUES ('511DB0539F204D3E88FCB01A3F6F372D', '4E88324742032042E0537F0000012042', '4F3E75BAE2D100B0E0537F00000100B0');
INSERT INTO "GYSGLBJ"."DIC_ROLE_POPEDOM" VALUES ('5F3F5B829210416780AA9F078F2010D7', '4E88324742032042E0537F0000012042', '4F3E75BAE2D200B0E0537F00000100B0');
INSERT INTO "GYSGLBJ"."DIC_ROLE_POPEDOM" VALUES ('D356C38658CC445194E83220CCD72D29', '4E88324742032042E0537F0000012042', '4F3E75BAE2D300B0E0537F00000100B0');
INSERT INTO "GYSGLBJ"."DIC_ROLE_POPEDOM" VALUES ('D977E0D54F1F4BF09AAB223CF746491D', '4E88324742032042E0537F0000012042', '4F3E75BAE2D400B0E0537F00000100B0');
INSERT INTO "GYSGLBJ"."DIC_ROLE_POPEDOM" VALUES ('3E3060552BAE460F9CB6C2E05024A621', '4E88324742032042E0537F0000012042', '4F3E74648F41104EE0537F000001104E');
INSERT INTO "GYSGLBJ"."DIC_ROLE_POPEDOM" VALUES ('0441109A054341988130B81305B11F49', '4E88324742032042E0537F0000012042', '4F3E74648F42104EE0537F000001104E');
INSERT INTO "GYSGLBJ"."DIC_ROLE_POPEDOM" VALUES ('E64971527F7B4379B19C49F403AFD0F1', '4E88324742032042E0537F0000012042', '4F3E74648F43104EE0537F000001104E');
INSERT INTO "GYSGLBJ"."DIC_ROLE_POPEDOM" VALUES ('962DFA42F37D4A8A803F73C6EED37A70', '4E88324742032042E0537F0000012042', '4F138DC1A793B040E0537F000001B040');
INSERT INTO "GYSGLBJ"."DIC_ROLE_POPEDOM" VALUES ('96FBCD33A2114601A1319019EA678A4A', '4E88324742032042E0537F0000012042', '4F3E74648F36104EE0537F000001104E');
INSERT INTO "GYSGLBJ"."DIC_ROLE_POPEDOM" VALUES ('9E9A97B451954AEDACBED6C0571BF2F3', '4E88324742032042E0537F0000012042', '4F3E74648F37104EE0537F000001104E');
INSERT INTO "GYSGLBJ"."DIC_ROLE_POPEDOM" VALUES ('87D473D302EA42459BDF0148BE03997C', '4E88324742032042E0537F0000012042', '4F3E74648F38104EE0537F000001104E');
INSERT INTO "GYSGLBJ"."DIC_ROLE_POPEDOM" VALUES ('DCA4FE4D874046A6B4B053363386F6DB', '4E88324742032042E0537F0000012042', '4F3E74648F39104EE0537F000001104E');
INSERT INTO "GYSGLBJ"."DIC_ROLE_POPEDOM" VALUES ('78714B6BB7674CFBAB0DAEA44BF3D5E5', '4E88324742032042E0537F0000012042', '4F3E74648F3A104EE0537F000001104E');
INSERT INTO "GYSGLBJ"."DIC_ROLE_POPEDOM" VALUES ('3853A68D674D410AB2A1C9415C0C014B', '4E88324742032042E0537F0000012042', '4F3A7FB1C2E3A080E0537F000001A080');
INSERT INTO "GYSGLBJ"."DIC_ROLE_POPEDOM" VALUES ('48DFEFA1D1514CD0836EC7F835B5E89D', '4E88324742032042E0537F0000012042', '4F3A7FB1C2E4A080E0537F000001A080');
INSERT INTO "GYSGLBJ"."DIC_ROLE_POPEDOM" VALUES ('065F6F5AEC714A15B4154DB4D10B83E2', '4E88324742032042E0537F0000012042', '4F3A7FB1C2E5A080E0537F000001A080');
INSERT INTO "GYSGLBJ"."DIC_ROLE_POPEDOM" VALUES ('EDF856A9DA6443C6943F3BCABFF1D604', '4E88324742032042E0537F0000012042', '4F3A7FB1C2E6A080E0537F000001A080');
INSERT INTO "GYSGLBJ"."DIC_ROLE_POPEDOM" VALUES ('7FC762BAB1B94317B0A808CE9BCECA68', '4E88324742032042E0537F0000012042', '4F3E74648F34104EE0537F000001104E');
INSERT INTO "GYSGLBJ"."DIC_ROLE_POPEDOM" VALUES ('63F733C077F94FDBB9C7B85EDBAE7045', '4E88324742032042E0537F0000012042', '51E1C295C2BDE042E0537F000001E042');
INSERT INTO "GYSGLBJ"."DIC_ROLE_POPEDOM" VALUES ('AAE2393CD0DC4FDEB55DF8DBED8021A7', '4E88324742032042E0537F0000012042', '5414B2376EBF3034E0537F0000013034');
INSERT INTO "GYSGLBJ"."DIC_ROLE_POPEDOM" VALUES ('BBE0D0F531BA42D1B2BB2D5F6CEB65ED', '4E88324742032042E0537F0000012042', '5415801B08C26064E0537F0000016064');
INSERT INTO "GYSGLBJ"."DIC_ROLE_POPEDOM" VALUES ('E29E44CAC23C41ECBEC2D768ABAD24D8', '5323D2F1CCFB1032E0537F0000011032', null);
INSERT INTO "GYSGLBJ"."DIC_ROLE_POPEDOM" VALUES ('1F16026AF386455A8DC9EE34234D9209', '5323D2F1CCFB1032E0537F0000011032', '5324CB0E9DE0C0D2E0537F000001C0D2');
INSERT INTO "GYSGLBJ"."DIC_ROLE_POPEDOM" VALUES ('BF154146C14843F7A465C09E08D1770B', '5323D2F1CCFB1032E0537F0000011032', '5324C11BF34D90ACE0537F00000190AC');
INSERT INTO "GYSGLBJ"."DIC_ROLE_POPEDOM" VALUES ('9C2E82C5E7404E659D5D87A2CC925E79', '5323D2F1CCFB1032E0537F0000011032', '5415801B08B56064E0537F0000016064');
INSERT INTO "GYSGLBJ"."DIC_ROLE_POPEDOM" VALUES ('DF49A87D1F3B451A890424A16DFC36FF', '5323D2F1CCFB1032E0537F0000011032', '5415801B08B66064E0537F0000016064');
INSERT INTO "GYSGLBJ"."DIC_ROLE_POPEDOM" VALUES ('7FA2E44209224B7381621CA500A9AA92', '5323D2F1CCFB1032E0537F0000011032', '5415801B08B76064E0537F0000016064');
INSERT INTO "GYSGLBJ"."DIC_ROLE_POPEDOM" VALUES ('87C034BC5F7F42B8A7F24D6A93F5F4C3', '5323D2F1CCFB1032E0537F0000011032', '5415801B08B86064E0537F0000016064');
INSERT INTO "GYSGLBJ"."DIC_ROLE_POPEDOM" VALUES ('6F4E7FE70DDB4DEDB8DD46C0AE68922C', '5323D2F1CCFB1032E0537F0000011032', '5415801B08B96064E0537F0000016064');
INSERT INTO "GYSGLBJ"."DIC_ROLE_POPEDOM" VALUES ('16E07BA886E2409EA38D84A6396B0C47', '5323D2F1CCFB1032E0537F0000011032', '5415801B08BA6064E0537F0000016064');
INSERT INTO "GYSGLBJ"."DIC_ROLE_POPEDOM" VALUES ('6E140CC768E74D99B20B21073FE09EFB', '5323D2F1CCFB1032E0537F0000011032', '5415801B08BB6064E0537F0000016064');
INSERT INTO "GYSGLBJ"."DIC_ROLE_POPEDOM" VALUES ('CC6D7BD1412D48D393EA9B80C73369A3', '5323D2F1CCFB1032E0537F0000011032', '5415801B08BD6064E0537F0000016064');
INSERT INTO "GYSGLBJ"."DIC_ROLE_POPEDOM" VALUES ('AEEDDB5D2E354B7390C3E9541D4CBA8C', '5323D2F1CCFB1032E0537F0000011032', '5415801B08BE6064E0537F0000016064');
INSERT INTO "GYSGLBJ"."DIC_ROLE_POPEDOM" VALUES ('437A14C66DBF483381A76B111766A763', '5323D2F1CCFB1032E0537F0000011032', '5415801B08BF6064E0537F0000016064');
INSERT INTO "GYSGLBJ"."DIC_ROLE_POPEDOM" VALUES ('196365C0A23A4DFCB83C71C1ADC45C11', '5323D2F1CCFB1032E0537F0000011032', '5415801B08C06064E0537F0000016064');
INSERT INTO "GYSGLBJ"."DIC_ROLE_POPEDOM" VALUES ('4E69FC7B2A8E49418E22890717E3A509', '5323D2F1CCFB1032E0537F0000011032', '5415801B08C16064E0537F0000016064');
INSERT INTO "GYSGLBJ"."DIC_ROLE_POPEDOM" VALUES ('330C6C1498364AD3ABF526F309B324C8', '5323D2F1CCFB1032E0537F0000011032', '5415801B08C26064E0537F0000016064');
INSERT INTO "GYSGLBJ"."DIC_ROLE_POPEDOM" VALUES ('32A0252A3D6E4C38B319486A54D195F1', '5323D2F1CCFB1032E0537F0000011032', '5414B2376E283034E0537F0000013034');
INSERT INTO "GYSGLBJ"."DIC_ROLE_POPEDOM" VALUES ('BBE18D3B36C241EA8912E7CBC879EA67', '5323D2F1CCFB1032E0537F0000011032', '5414B2376E293034E0537F0000013034');
INSERT INTO "GYSGLBJ"."DIC_ROLE_POPEDOM" VALUES ('9A9DC2E08C7B42E2A46C600C100FDEBA', '5323D2F1CCFB1032E0537F0000011032', '22ECF705E2BB4E1E851A64581DB919D4');
INSERT INTO "GYSGLBJ"."DIC_ROLE_POPEDOM" VALUES ('90D215A27CFB4D31B6353A6846F932E1', '5323D2F1CCFB1032E0537F0000011032', '29254DF116DB4698BCFC6909A6BAE49C');
INSERT INTO "GYSGLBJ"."DIC_ROLE_POPEDOM" VALUES ('A6F7BDDC780C49D7936F935D27118081', '5323D2F1CCFB1032E0537F0000011032', '226B29542852490185F5B09F3190DD66');
INSERT INTO "GYSGLBJ"."DIC_ROLE_POPEDOM" VALUES ('39C04312126A4015A991EDDE8BF2E434', '5323D2F1CCFB1032E0537F0000011032', '56249F4C8B5D415B9E893B8C0F394BBA');
INSERT INTO "GYSGLBJ"."DIC_ROLE_POPEDOM" VALUES ('55B894ABDA4F4B21B875C7A4375B747C', '5323D2F1CCFB1032E0537F0000011032', '199C1DB1FE4A47DCAAE46B512F102DCE');
INSERT INTO "GYSGLBJ"."DIC_ROLE_POPEDOM" VALUES ('B3DF6D4D62004EF7849FB78052216605', '5323D2F1CCFB1032E0537F0000011032', 'ADEF382193914A08840BEC78BE22F1E9');
INSERT INTO "GYSGLBJ"."DIC_ROLE_POPEDOM" VALUES ('539CA7C4F930428AB6D0DC43FCAE569D', '5323D2F1CCFB1032E0537F0000011032', '5288C587739E9060E0537F0000019060');
INSERT INTO "GYSGLBJ"."DIC_ROLE_POPEDOM" VALUES ('AF896B26B0B841DB9F31A3FB326466DD', '5323D2F1CCFB1032E0537F0000011032', '5288C902BCFDB0CEE0537F000001B0CE');
INSERT INTO "GYSGLBJ"."DIC_ROLE_POPEDOM" VALUES ('BF83B593FF3F417A9167FE29615361E0', '5323D2F1CCFB1032E0537F0000011032', '5405995B9AAF1016E0537F0000011016');
INSERT INTO "GYSGLBJ"."DIC_ROLE_POPEDOM" VALUES ('FDDFD7763DF74AAEAE30A2882F33416A', '5323D2F1CCFB1032E0537F0000011032', '5405995B9AB01016E0537F0000011016');
INSERT INTO "GYSGLBJ"."DIC_ROLE_POPEDOM" VALUES ('385E538737B3419C8051CFF2ADB06187', '5323D2F1CCFB1032E0537F0000011032', '540577012721905CE0537F000001905C');
INSERT INTO "GYSGLBJ"."DIC_ROLE_POPEDOM" VALUES ('8142B72618E14396BCFB020D3B07A92B', '5323D2F1CCFB1032E0537F0000011032', '5405995B9AB11016E0537F0000011016');
INSERT INTO "GYSGLBJ"."DIC_ROLE_POPEDOM" VALUES ('6ACA7D5950654A89AAA728C2C140086B', '5323D2F1CCFB1032E0537F0000011032', '5405995B9AB21016E0537F0000011016');
INSERT INTO "GYSGLBJ"."DIC_ROLE_POPEDOM" VALUES ('CE2F14D5305040F8B92EF6416A860C6C', '5323D2F1CCFB1032E0537F0000011032', '5405995B9AB31016E0537F0000011016');
INSERT INTO "GYSGLBJ"."DIC_ROLE_POPEDOM" VALUES ('848F2C3203564FC0833B39A8C934E84A', '5323D2F1CCFB1032E0537F0000011032', '5405995B9AB41016E0537F0000011016');
INSERT INTO "GYSGLBJ"."DIC_ROLE_POPEDOM" VALUES ('0D2A5DFC898147D7AAA9B07F27050ABF', '5323D2F1CCFB1032E0537F0000011032', '5405995B9AB51016E0537F0000011016');
INSERT INTO "GYSGLBJ"."DIC_ROLE_POPEDOM" VALUES ('9953EC5F88624C7999CE85AE3F67708F', '5323D2F1CCFB1032E0537F0000011032', '5405995B9AB61016E0537F0000011016');
INSERT INTO "GYSGLBJ"."DIC_ROLE_POPEDOM" VALUES ('02FDBCC24E2D4B97AAFFA6A3C3CC4335', '5323D2F1CCFB1032E0537F0000011032', '5405995B9AB71016E0537F0000011016');
INSERT INTO "GYSGLBJ"."DIC_ROLE_POPEDOM" VALUES ('6230B55E7716484CAA8D7642F40EB0C7', '5323D2F1CCFB1032E0537F0000011032', '5405995B9AB81016E0537F0000011016');
INSERT INTO "GYSGLBJ"."DIC_ROLE_POPEDOM" VALUES ('827A583E82874E469F404A8E57E5D91A', '5323D2F1CCFB1032E0537F0000011032', '5405995B9AB91016E0537F0000011016');
INSERT INTO "GYSGLBJ"."DIC_ROLE_POPEDOM" VALUES ('A1878229E6144261A561300CECE9A72A', '5323D2F1CCFB1032E0537F0000011032', '5405995B9ABA1016E0537F0000011016');
INSERT INTO "GYSGLBJ"."DIC_ROLE_POPEDOM" VALUES ('0512B34D905D40CCA91DC29A0099453C', '5323D2F1CCFB1032E0537F0000011032', '5405995B9ABB1016E0537F0000011016');
INSERT INTO "GYSGLBJ"."DIC_ROLE_POPEDOM" VALUES ('D5E37108960D49C286CFF43CFBCCBAC5', '5323D2F1CCFB1032E0537F0000011032', '5415801B087E6064E0537F0000016064');
INSERT INTO "GYSGLBJ"."DIC_ROLE_POPEDOM" VALUES ('FE3DE005F74848179642927028355E32', '5323D2F1CCFB1032E0537F0000011032', 'C9FB06490A8F4ACDB42118F405C07D3D');
INSERT INTO "GYSGLBJ"."DIC_ROLE_POPEDOM" VALUES ('D7A7070C3C3C48F7A3467D2BB11F3A5A', '5323D2F1CCFB1032E0537F0000011032', '597E9758F015461D81A275121786373E');
INSERT INTO "GYSGLBJ"."DIC_ROLE_POPEDOM" VALUES ('7FCF5C146D604F0EBE164FEB12ACD6F4', '5323D2F1CCFB1032E0537F0000011032', '18D062E2861B497F9B6692CDD0E00826');
INSERT INTO "GYSGLBJ"."DIC_ROLE_POPEDOM" VALUES ('95876F52A7FB4A4CB6EC5BE2BDBB11D0', '5323D2F1CCFB1032E0537F0000011032', '0B5623EFA3F146A7B16D41B551585624');
INSERT INTO "GYSGLBJ"."DIC_ROLE_POPEDOM" VALUES ('4ACEBE7EF27B4467A191EF5ECB959E83', '5323D2F1CCFB1032E0537F0000011032', 'E557EA3961FD4717BBA1303F353EBCA3');
INSERT INTO "GYSGLBJ"."DIC_ROLE_POPEDOM" VALUES ('3EECF68E009C4FBF8CFCC61C5BAD258C', '5323D2F1CCFB1032E0537F0000011032', '4F3A7FB1C2E3A080E0537F000001A080');
INSERT INTO "GYSGLBJ"."DIC_ROLE_POPEDOM" VALUES ('20781077DDE44E4D95527B872D7231F5', '5323D2F1CCFB1032E0537F0000011032', '4F3A7FB1C2E4A080E0537F000001A080');
INSERT INTO "GYSGLBJ"."DIC_ROLE_POPEDOM" VALUES ('102E357618754853A0154B83CE2C4AC2', '5323D2F1CCFB1032E0537F0000011032', '4F3A7FB1C2E5A080E0537F000001A080');
INSERT INTO "GYSGLBJ"."DIC_ROLE_POPEDOM" VALUES ('E154A0833F55459DB5D066BB95826396', '5323D2F1CCFB1032E0537F0000011032', '4F3A7FB1C2E6A080E0537F000001A080');
INSERT INTO "GYSGLBJ"."DIC_ROLE_POPEDOM" VALUES ('CA55EEE2A0E54C348C8F914DBE1829C6', '5323D2F1CCFB1032E0537F0000011032', '4F3E74648F34104EE0537F000001104E');
INSERT INTO "GYSGLBJ"."DIC_ROLE_POPEDOM" VALUES ('A91A110972FD40C9A70D4A2A1AC33550', '5323D2F1CCFB1032E0537F0000011032', '51E1C295C2BDE042E0537F000001E042');
INSERT INTO "GYSGLBJ"."DIC_ROLE_POPEDOM" VALUES ('976C49225E2A4C31AF81051EC366F5FB', '5323D2F1CCFB1032E0537F0000011032', '5414B2376EBF3034E0537F0000013034');
INSERT INTO "GYSGLBJ"."DIC_ROLE_POPEDOM" VALUES ('8150BAAC4AB54DD093D78D37D3B0FD08', '4E88324742032042E0537F0000012042', null);
INSERT INTO "GYSGLBJ"."DIC_ROLE_POPEDOM" VALUES ('5EE88B3E72B04918937AA6ED8AE56CDD', '4E88324742032042E0537F0000012042', '5324CB0E9DE0C0D2E0537F000001C0D2');
INSERT INTO "GYSGLBJ"."DIC_ROLE_POPEDOM" VALUES ('B21490B98A2A4A9EAEDCCEA795D365AF', '4E88324742032042E0537F0000012042', '5324C11BF34D90ACE0537F00000190AC');
INSERT INTO "GYSGLBJ"."DIC_ROLE_POPEDOM" VALUES ('220E361F6D1C4AD1BC76F351A0840DFD', '4E88324742032042E0537F0000012042', '5415801B08B56064E0537F0000016064');
INSERT INTO "GYSGLBJ"."DIC_ROLE_POPEDOM" VALUES ('923221C00AAA4435805717E7ABF1B86B', '4E88324742032042E0537F0000012042', '5415801B08B66064E0537F0000016064');
INSERT INTO "GYSGLBJ"."DIC_ROLE_POPEDOM" VALUES ('30CFE5B880434C839A3D87282DD63456', '4E88324742032042E0537F0000012042', '5415801B08B76064E0537F0000016064');
INSERT INTO "GYSGLBJ"."DIC_ROLE_POPEDOM" VALUES ('6514C2552C454A658AE1FD27F44EDBBB', '4E88324742032042E0537F0000012042', '5415801B08B86064E0537F0000016064');
INSERT INTO "GYSGLBJ"."DIC_ROLE_POPEDOM" VALUES ('380EC36AD37144F3B4C1E2E3B707325C', '4E88324742032042E0537F0000012042', '5415801B08B96064E0537F0000016064');
INSERT INTO "GYSGLBJ"."DIC_ROLE_POPEDOM" VALUES ('9D500FC20CF749AB8EF1D62E5CB0D365', '4E88324742032042E0537F0000012042', '5415801B08BA6064E0537F0000016064');
INSERT INTO "GYSGLBJ"."DIC_ROLE_POPEDOM" VALUES ('C8158500AF1B4598BE43AD63CD8919FA', '4E88324742032042E0537F0000012042', '5415801B08BB6064E0537F0000016064');
INSERT INTO "GYSGLBJ"."DIC_ROLE_POPEDOM" VALUES ('ED081BDED63A4CCB9A5E7579D5F805F6', '4E88324742032042E0537F0000012042', '5415801B08BD6064E0537F0000016064');
INSERT INTO "GYSGLBJ"."DIC_ROLE_POPEDOM" VALUES ('79BC96ACC6964C9F9E87425691241B98', '4E88324742032042E0537F0000012042', '5415801B08BE6064E0537F0000016064');
INSERT INTO "GYSGLBJ"."DIC_ROLE_POPEDOM" VALUES ('525C8961219242639CF96E56CB3D4FAA', '4E88324742032042E0537F0000012042', '5415801B08BF6064E0537F0000016064');
INSERT INTO "GYSGLBJ"."DIC_ROLE_POPEDOM" VALUES ('9610681AAC94445A8AEF585F9759E9B7', '4E88324742032042E0537F0000012042', '5415801B08C06064E0537F0000016064');
INSERT INTO "GYSGLBJ"."DIC_ROLE_POPEDOM" VALUES ('05BF52F752F8410EB0F1E4A81B69BB2D', '4E88324742032042E0537F0000012042', '5415801B08C16064E0537F0000016064');

-- ----------------------------
-- Table structure for DIC_USER
-- ----------------------------
DROP TABLE "GYSGLBJ"."DIC_USER";
CREATE TABLE "GYSGLBJ"."DIC_USER" (
"ID" VARCHAR2(50 BYTE) DEFAULT sys_guid()  NOT NULL ,
"USER_CODE" VARCHAR2(50 BYTE) NULL ,
"USER_NAME" VARCHAR2(50 BYTE) NULL ,
"PASSWD" VARCHAR2(50 BYTE) NULL ,
"OFFICE_ID" VARCHAR2(50 BYTE) NULL ,
"OFFICE_NAME" VARCHAR2(100 BYTE) NULL ,
"UNIT_ID" VARCHAR2(50 BYTE) NULL ,
"UNIT_NAME" VARCHAR2(100 BYTE) NULL ,
"ROLE_ID" VARCHAR2(50 BYTE) NULL ,
"ROLE_NAME" VARCHAR2(100 BYTE) NULL ,
"REMARK" VARCHAR2(50 BYTE) NULL ,
"FIELD1" NUMBER NULL ,
"FIELD2" VARCHAR2(200 BYTE) NULL ,
"ENTRY_TIME" DATE DEFAULT sysdate  NULL ,
"CREATER_ID" VARCHAR2(50 BYTE) NULL ,
"PARENT_ID" VARCHAR2(50 BYTE) NULL 
)
LOGGING
NOCOMPRESS
NOCACHE

;
COMMENT ON TABLE "GYSGLBJ"."DIC_USER" IS '用户字典表';
COMMENT ON COLUMN "GYSGLBJ"."DIC_USER"."ID" IS '主键ID';
COMMENT ON COLUMN "GYSGLBJ"."DIC_USER"."USER_CODE" IS '用户代码';
COMMENT ON COLUMN "GYSGLBJ"."DIC_USER"."USER_NAME" IS '用户名（显示名）';
COMMENT ON COLUMN "GYSGLBJ"."DIC_USER"."PASSWD" IS '密码';
COMMENT ON COLUMN "GYSGLBJ"."DIC_USER"."OFFICE_ID" IS '科室ID';
COMMENT ON COLUMN "GYSGLBJ"."DIC_USER"."OFFICE_NAME" IS '科室名称';
COMMENT ON COLUMN "GYSGLBJ"."DIC_USER"."UNIT_ID" IS '单位ID';
COMMENT ON COLUMN "GYSGLBJ"."DIC_USER"."UNIT_NAME" IS '单位名称';
COMMENT ON COLUMN "GYSGLBJ"."DIC_USER"."ROLE_ID" IS '角色ID';
COMMENT ON COLUMN "GYSGLBJ"."DIC_USER"."ROLE_NAME" IS '角色名称';
COMMENT ON COLUMN "GYSGLBJ"."DIC_USER"."REMARK" IS '备注';
COMMENT ON COLUMN "GYSGLBJ"."DIC_USER"."FIELD1" IS '预留字段1';
COMMENT ON COLUMN "GYSGLBJ"."DIC_USER"."FIELD2" IS '预留字段2';
COMMENT ON COLUMN "GYSGLBJ"."DIC_USER"."ENTRY_TIME" IS '录入时间';
COMMENT ON COLUMN "GYSGLBJ"."DIC_USER"."CREATER_ID" IS '创建者ID';
COMMENT ON COLUMN "GYSGLBJ"."DIC_USER"."PARENT_ID" IS '父ID';

-- ----------------------------
-- Records of DIC_USER
-- ----------------------------
INSERT INTO "GYSGLBJ"."DIC_USER" VALUES ('4F0FB8C505AB00A4E0537F00000100A4', 'root', '超级管理员', 'gysglbj', '4E08C30CFC62000AE0537F000001000A', null, '4E08C30CFC5F000AE0537F000001000A', null, '4E88324742032042E0537F0000012042', null, '最高权限管理员', null, null, TO_DATE('2017-05-09 00:00:00', 'YYYY-MM-DD HH24:MI:SS'), '0', '0');
INSERT INTO "GYSGLBJ"."DIC_USER" VALUES ('5415801B09B36064E0537F0000016064', 'admin2', '管理员', 'gysglbj', null, null, null, null, '5323D2F1CCFB1032E0537F0000011032', null, '管理员2', null, null, TO_DATE('2017-07-12 10:24:57', 'YYYY-MM-DD HH24:MI:SS'), '4F0FB8C505AB00A4E0537F00000100A4', '4F0FB8C505AB00A4E0537F00000100A4');
INSERT INTO "GYSGLBJ"."DIC_USER" VALUES ('4EC154E587A0F072E0537F000001F072', 'admin', '路局管理员', 'gysglbj', '507E4A6D6629E082E0537F000001E082', null, '4E08C30CFC5E000AE0537F000001000A', null, '5323D2F1CCFB1032E0537F0000011032', null, '路局管理员', null, null, TO_DATE('2017-05-08 00:00:00', 'YYYY-MM-DD HH24:MI:SS'), '4F0FB8C505AB00A4E0537F00000100A4', '4F0FB8C505AB00A4E0537F00000100A4');

-- ----------------------------
-- Table structure for E_CERTIFICATE
-- ----------------------------
DROP TABLE "GYSGLBJ"."E_CERTIFICATE";
CREATE TABLE "GYSGLBJ"."E_CERTIFICATE" (
"ID" VARCHAR2(50 BYTE) DEFAULT sys_guid()  NOT NULL ,
"NO" VARCHAR2(50 BYTE) NULL ,
"NAME" VARCHAR2(50 BYTE) NULL ,
"CONTENT" VARCHAR2(50 BYTE) NULL ,
"START_TIME" VARCHAR2(10 BYTE) NULL ,
"END_TIME" VARCHAR2(10 BYTE) NULL ,
"UNIT" VARCHAR2(50 BYTE) NULL ,
"SUPPLIER_ID" VARCHAR2(50 BYTE) NULL 
)
LOGGING
NOCOMPRESS
NOCACHE

;
COMMENT ON TABLE "GYSGLBJ"."E_CERTIFICATE" IS '资质证书';
COMMENT ON COLUMN "GYSGLBJ"."E_CERTIFICATE"."ID" IS 'ID';
COMMENT ON COLUMN "GYSGLBJ"."E_CERTIFICATE"."NO" IS '编号';
COMMENT ON COLUMN "GYSGLBJ"."E_CERTIFICATE"."NAME" IS '名称';
COMMENT ON COLUMN "GYSGLBJ"."E_CERTIFICATE"."CONTENT" IS '内容';
COMMENT ON COLUMN "GYSGLBJ"."E_CERTIFICATE"."START_TIME" IS '证书有效期(起始日期)';
COMMENT ON COLUMN "GYSGLBJ"."E_CERTIFICATE"."END_TIME" IS '证书有效期(终止日期)';
COMMENT ON COLUMN "GYSGLBJ"."E_CERTIFICATE"."UNIT" IS '发证单位';
COMMENT ON COLUMN "GYSGLBJ"."E_CERTIFICATE"."SUPPLIER_ID" IS '供应商ID';

-- ----------------------------
-- Records of E_CERTIFICATE
-- ----------------------------
INSERT INTO "GYSGLBJ"."E_CERTIFICATE" VALUES ('D011913E5F54437D9531E3A9529554EF', '0000000001', 'CRCC', 'CRCC', '2016-07-12', '2017-07-03', null, '53B76872C65E1090E0537F0000011090');

-- ----------------------------
-- Table structure for E_PROJECT
-- ----------------------------
DROP TABLE "GYSGLBJ"."E_PROJECT";
CREATE TABLE "GYSGLBJ"."E_PROJECT" (
"ID" VARCHAR2(50 BYTE) DEFAULT sys_guid()  NOT NULL ,
"NAME" VARCHAR2(80 BYTE) NULL ,
"NO" VARCHAR2(50 BYTE) NULL ,
"REMARK" VARCHAR2(300 BYTE) NULL ,
"ENTRY_TIME" DATE DEFAULT sysdate  NULL ,
"CREATER_ID" VARCHAR2(50 BYTE) NULL ,
"TYPE" NUMBER(1) DEFAULT 1  NULL 
)
LOGGING
NOCOMPRESS
NOCACHE

;
COMMENT ON TABLE "GYSGLBJ"."E_PROJECT" IS '项目表';
COMMENT ON COLUMN "GYSGLBJ"."E_PROJECT"."ID" IS 'ID';
COMMENT ON COLUMN "GYSGLBJ"."E_PROJECT"."NAME" IS '名称';
COMMENT ON COLUMN "GYSGLBJ"."E_PROJECT"."NO" IS '编号';
COMMENT ON COLUMN "GYSGLBJ"."E_PROJECT"."REMARK" IS '备注';
COMMENT ON COLUMN "GYSGLBJ"."E_PROJECT"."ENTRY_TIME" IS '录入时间';
COMMENT ON COLUMN "GYSGLBJ"."E_PROJECT"."CREATER_ID" IS '创建者ID';
COMMENT ON COLUMN "GYSGLBJ"."E_PROJECT"."TYPE" IS '类型 1 竞买  2 竞价(整包)';

-- ----------------------------
-- Records of E_PROJECT
-- ----------------------------
INSERT INTO "GYSGLBJ"."E_PROJECT" VALUES ('52D875033CA6B0FAE0537F000001B0FA', '2017年第一批客车配件', 'YKC1701001', 'sdfd后付款 客家话', TO_DATE('2017-06-26 14:56:58', 'YYYY-MM-DD HH24:MI:SS'), '4F0FB8C505AB00A4E0537F00000100A4', '2');
INSERT INTO "GYSGLBJ"."E_PROJECT" VALUES ('CD889D32429A4B3E9741B165C60A5E61', '水电费', 'wer', '水电费', TO_DATE('2017-07-27 16:00:50', 'YYYY-MM-DD HH24:MI:SS'), '4F0FB8C505AB00A4E0537F00000100A4', '1');
INSERT INTO "GYSGLBJ"."E_PROJECT" VALUES ('535FF50BE40D00DCE0537F00000100DC', '测试2', '002', '测试', TO_DATE('2017-07-03 09:23:28', 'YYYY-MM-DD HH24:MI:SS'), '4F0FB8C505AB00A4E0537F00000100A4', '1');

-- ----------------------------
-- Table structure for E_QUOTE
-- ----------------------------
DROP TABLE "GYSGLBJ"."E_QUOTE";
CREATE TABLE "GYSGLBJ"."E_QUOTE" (
"BJH" NUMBER NULL ,
"WZBM" VARCHAR2(255 BYTE) NULL ,
"WZMC" VARCHAR2(255 BYTE) NULL ,
"GGXH" VARCHAR2(255 BYTE) NULL ,
"JSYQ" VARCHAR2(255 BYTE) NULL ,
"JLDW" VARCHAR2(255 BYTE) NULL ,
"YCSL" VARCHAR2(255 BYTE) NULL ,
"DJXJ_BHS" NUMBER(12,2) NULL ,
"ZXJ_BHS" NUMBER(12,2) NULL ,
"SYDWJDQ" VARCHAR2(255 BYTE) NULL ,
"CSBDJ_BHS" NUMBER(12,2) NULL ,
"CSBZXJ_BHS" NUMBER(12,2) NULL ,
"ID" VARCHAR2(50 BYTE) DEFAULT sys_guid()  NOT NULL ,
"ENTRY_TIME" DATE DEFAULT sysdate  NULL ,
"SUPPLIER_ID" VARCHAR2(50 BYTE) NULL ,
"PROJECT_ID" VARCHAR2(50 BYTE) NULL 
)
LOGGING
NOCOMPRESS
NOCACHE

;
COMMENT ON TABLE "GYSGLBJ"."E_QUOTE" IS '报价表';
COMMENT ON COLUMN "GYSGLBJ"."E_QUOTE"."BJH" IS '包件号';
COMMENT ON COLUMN "GYSGLBJ"."E_QUOTE"."WZBM" IS '物资编码';
COMMENT ON COLUMN "GYSGLBJ"."E_QUOTE"."WZMC" IS '物资名称';
COMMENT ON COLUMN "GYSGLBJ"."E_QUOTE"."GGXH" IS '规格型号';
COMMENT ON COLUMN "GYSGLBJ"."E_QUOTE"."JSYQ" IS '技术要求';
COMMENT ON COLUMN "GYSGLBJ"."E_QUOTE"."JLDW" IS '计量单位';
COMMENT ON COLUMN "GYSGLBJ"."E_QUOTE"."YCSL" IS '预测数量';
COMMENT ON COLUMN "GYSGLBJ"."E_QUOTE"."DJXJ_BHS" IS '单价限价(不含税）';
COMMENT ON COLUMN "GYSGLBJ"."E_QUOTE"."ZXJ_BHS" IS '总限价（不含税）';
COMMENT ON COLUMN "GYSGLBJ"."E_QUOTE"."SYDWJDQ" IS '使用单位及地区';
COMMENT ON COLUMN "GYSGLBJ"."E_QUOTE"."CSBDJ_BHS" IS '厂商报单价(不含税）';
COMMENT ON COLUMN "GYSGLBJ"."E_QUOTE"."CSBZXJ_BHS" IS '厂商报总限价（不含税）';
COMMENT ON COLUMN "GYSGLBJ"."E_QUOTE"."ID" IS 'ID';
COMMENT ON COLUMN "GYSGLBJ"."E_QUOTE"."ENTRY_TIME" IS '录入时间';
COMMENT ON COLUMN "GYSGLBJ"."E_QUOTE"."SUPPLIER_ID" IS '供应商ID';
COMMENT ON COLUMN "GYSGLBJ"."E_QUOTE"."PROJECT_ID" IS '项目ID';

-- ----------------------------
-- Records of E_QUOTE
-- ----------------------------
INSERT INTO "GYSGLBJ"."E_QUOTE" VALUES ('1', '950000000003', '车钩提杆', '15号', 'CRCC或重要件合格证', '根', '8.4', '104.46', '877.46', '兰州车辆段及异地车间', null, null, '53F17BB11B27007EE0537F000001007E', TO_DATE('2017-07-10 14:13:36', 'YYYY-MM-DD HH24:MI:SS'), '52D471DC2BD08084E0537F0000018084', '52D875033CA6B0FAE0537F000001B0FA');
INSERT INTO "GYSGLBJ"."E_QUOTE" VALUES ('2', '950000000005', '车钩提杆', '15号', 'CRCC或重要件合格证', '根', '14', '98.03', '1372.42', '兰州车辆段及异地车间', null, null, '53F17BB11B28007EE0537F000001007E', TO_DATE('2017-07-10 14:13:36', 'YYYY-MM-DD HH24:MI:SS'), '52D471DC2BD08084E0537F0000018084', '52D875033CA6B0FAE0537F000001B0FA');
INSERT INTO "GYSGLBJ"."E_QUOTE" VALUES ('3', '950000000014', '钩舌', '15号C', 'CRCC或重要件合格证', '个', '540', '377.68', '203947.20', '兰州车辆段及异地车间', null, null, '53F17BB11B29007EE0537F000001007E', TO_DATE('2017-07-10 14:13:36', 'YYYY-MM-DD HH24:MI:SS'), '52D471DC2BD08084E0537F0000018084', '52D875033CA6B0FAE0537F000001B0FA');
INSERT INTO "GYSGLBJ"."E_QUOTE" VALUES ('4', '950000000016', '钩舌推铁', '15号', 'CRCC或重要件合格证', '个', '300', '623.89', '187167', '兰州车辆段及异地车间', null, null, '53F17BB11B2A007EE0537F000001007E', TO_DATE('2017-07-10 14:13:36', 'YYYY-MM-DD HH24:MI:SS'), '52D471DC2BD08084E0537F0000018084', '52D875033CA6B0FAE0537F000001B0FA');
INSERT INTO "GYSGLBJ"."E_QUOTE" VALUES ('5', '950000000017', '钩舌销', '15号', 'CRCC或重要件合格证', '个', '240', '61.07', '14656.80', '兰州车辆段及异地车间', null, null, '53F17BB11B2B007EE0537F000001007E', TO_DATE('2017-07-10 14:13:36', 'YYYY-MM-DD HH24:MI:SS'), '52D471DC2BD08084E0537F0000018084', '52D875033CA6B0FAE0537F000001B0FA');
INSERT INTO "GYSGLBJ"."E_QUOTE" VALUES ('6', '950000000021', '钩锁铁', '15号', 'CRCC或重要件合格证', '个', '33', '104.46', '3447.18', '兰州车辆段及异地车间', null, null, '53F17BB11B2C007EE0537F000001007E', TO_DATE('2017-07-10 14:13:36', 'YYYY-MM-DD HH24:MI:SS'), '52D471DC2BD08084E0537F0000018084', '52D875033CA6B0FAE0537F000001B0FA');
INSERT INTO "GYSGLBJ"."E_QUOTE" VALUES ('7', '950000000027', '密接式钩钩舌', 'MJGH-25T Φ140', 'CRCC或重要件合格证', '个', '21', '507.85', '10664.85', '兰州车辆段及异地车间', null, null, '53F17BB11B2D007EE0537F000001007E', TO_DATE('2017-07-10 14:13:36', 'YYYY-MM-DD HH24:MI:SS'), '52D471DC2BD08084E0537F0000018084', '52D875033CA6B0FAE0537F000001B0FA');
INSERT INTO "GYSGLBJ"."E_QUOTE" VALUES ('8', '950000000035', '密接式钩解钩风缸', 'MJGH-25T', 'CRCC或重要件合格证', '个', '15', '1526.77', '22901.55', '兰州车辆段及异地车间', null, null, '53F17BB11B2E007EE0537F000001007E', TO_DATE('2017-07-10 14:13:36', 'YYYY-MM-DD HH24:MI:SS'), '52D471DC2BD08084E0537F0000018084', '52D875033CA6B0FAE0537F000001B0FA');
INSERT INTO "GYSGLBJ"."E_QUOTE" VALUES ('9', '950000000042', '钩舌销螺母', 'M30', 'CRCC或重要件合格证', '个', '1510', '3.71', '5602.10', '兰州车辆段及异地车间', null, null, '53F17BB11B2F007EE0537F000001007E', TO_DATE('2017-07-10 14:13:36', 'YYYY-MM-DD HH24:MI:SS'), '52D471DC2BD08084E0537F0000018084', '52D875033CA6B0FAE0537F000001B0FA');
INSERT INTO "GYSGLBJ"."E_QUOTE" VALUES ('10', '950000000045', '钩舌', '15号', 'CRCC或重要件合格证', '套', '24', '952.22', '22853.28', '兰州车辆段及异地车间', null, null, '53F17BB11B30007EE0537F000001007E', TO_DATE('2017-07-10 14:13:36', 'YYYY-MM-DD HH24:MI:SS'), '52D471DC2BD08084E0537F0000018084', '52D875033CA6B0FAE0537F000001B0FA');
INSERT INTO "GYSGLBJ"."E_QUOTE" VALUES ('11', '950000000049', '钩锁铁', '15号C', 'CRCC或重要件合格证', '个', '300', '104.46', '31338', '兰州车辆段及异地车间', null, null, '53F17BB11B31007EE0537F000001007E', TO_DATE('2017-07-10 14:13:36', 'YYYY-MM-DD HH24:MI:SS'), '52D471DC2BD08084E0537F0000018084', '52D875033CA6B0FAE0537F000001B0FA');
INSERT INTO "GYSGLBJ"."E_QUOTE" VALUES ('12', '950000000057', '下锁销', '15C', 'CRCC或重要件合格证', '无', '70', '188.03', '13162.10', '兰州车辆段及异地车间', null, null, '53F17BB11B32007EE0537F000001007E', TO_DATE('2017-07-10 14:13:36', 'YYYY-MM-DD HH24:MI:SS'), '52D471DC2BD08084E0537F0000018084', '52D875033CA6B0FAE0537F000001B0FA');
INSERT INTO "GYSGLBJ"."E_QUOTE" VALUES ('13', '950000000059', '小间隙钩舌', '15号 小间隙', 'CRCC或重要件合格证', '个', '14', '875.88', '12262.32', '兰州车辆段及异地车间', null, null, '53F17BB11B33007EE0537F000001007E', TO_DATE('2017-07-10 14:13:36', 'YYYY-MM-DD HH24:MI:SS'), '52D471DC2BD08084E0537F0000018084', '52D875033CA6B0FAE0537F000001B0FA');
INSERT INTO "GYSGLBJ"."E_QUOTE" VALUES ('14', '950000000071', '解钩手柄', '25T 密接式车钩', 'CRCC或重要件合格证', '套', '1.4', '241.07', '337.50', '兰州车辆段及异地车间', null, null, '53F17BB11B34007EE0537F000001007E', TO_DATE('2017-07-10 14:13:36', 'YYYY-MM-DD HH24:MI:SS'), '52D471DC2BD08084E0537F0000018084', '52D875033CA6B0FAE0537F000001B0FA');
INSERT INTO "GYSGLBJ"."E_QUOTE" VALUES ('15', '950000000073', '钩舌圆销', '托梁车钩', 'CRCC或重要件合格证', '根', '3', '88.39', '265.17', '兰州车辆段及异地车间', null, null, '53F17BB11B35007EE0537F000001007E', TO_DATE('2017-07-10 14:13:36', 'YYYY-MM-DD HH24:MI:SS'), '52D471DC2BD08084E0537F0000018084', '52D875033CA6B0FAE0537F000001B0FA');
INSERT INTO "GYSGLBJ"."E_QUOTE" VALUES ('16', '950000000084', '小间隙车钩', '15CX', 'CRCC或重要件合格证', '个', '13.3', '3672.29', '48841.46', '兰州车辆段及异地车间', null, null, '53F17BB11B36007EE0537F000001007E', TO_DATE('2017-07-10 14:13:36', 'YYYY-MM-DD HH24:MI:SS'), '52D471DC2BD08084E0537F0000018084', '52D875033CA6B0FAE0537F000001B0FA');
INSERT INTO "GYSGLBJ"."E_QUOTE" VALUES ('17', '950000000091', '过渡车钩', '15C', 'CRCC或重要件合格证', '个', '2.4', '7151.73', '17164.15', '兰州车辆段及异地车间', null, null, '53F17BB11B37007EE0537F000001007E', TO_DATE('2017-07-10 14:13:36', 'YYYY-MM-DD HH24:MI:SS'), '52D471DC2BD08084E0537F0000018084', '52D875033CA6B0FAE0537F000001B0FA');
INSERT INTO "GYSGLBJ"."E_QUOTE" VALUES ('18', '950000000111', '托梁式过渡车钩', '15#', 'CRCC或重要件合格证', '套', '2.4', '30696.18', '73670.83', '兰州车辆段及异地车间', null, null, '53F17BB11B38007EE0537F000001007E', TO_DATE('2017-07-10 14:13:36', 'YYYY-MM-DD HH24:MI:SS'), '52D471DC2BD08084E0537F0000018084', '52D875033CA6B0FAE0537F000001B0FA');
INSERT INTO "GYSGLBJ"."E_QUOTE" VALUES ('19', '950000000113', '托梁车钩托梁磨耗板', '830×160×55', 'CRCC或重要件合格证', '个', '9', '225', '2025', '兰州车辆段及异地车间', null, null, '53F17BB11B39007EE0537F000001007E', TO_DATE('2017-07-10 14:13:36', 'YYYY-MM-DD HH24:MI:SS'), '52D471DC2BD08084E0537F0000018084', '52D875033CA6B0FAE0537F000001B0FA');
INSERT INTO "GYSGLBJ"."E_QUOTE" VALUES ('20', '950100000008', '缓冲器', 'G1号', 'CRCC或重要件合格证', '套', '200', '2772.30', '554460', '兰州车辆段及异地车间', null, null, '53F17BB11B3A007EE0537F000001007E', TO_DATE('2017-07-10 14:13:36', 'YYYY-MM-DD HH24:MI:SS'), '52D471DC2BD08084E0537F0000018084', '52D875033CA6B0FAE0537F000001B0FA');
INSERT INTO "GYSGLBJ"."E_QUOTE" VALUES ('21', '950100000025', '不锈钢缓解阀', '加长85mm Dg20 B向', 'CRCC或重要件合格证', '套', '21', '144.65', '3037.65', '兰州车辆段及异地车间', null, null, '53F17BB11B3B007EE0537F000001007E', TO_DATE('2017-07-10 14:13:36', 'YYYY-MM-DD HH24:MI:SS'), '52D471DC2BD08084E0537F0000018084', '52D875033CA6B0FAE0537F000001B0FA');
INSERT INTO "GYSGLBJ"."E_QUOTE" VALUES ('22', '950100000040', '弹性胶泥缓冲器', 'KC15', 'CRCC或重要件合格证', '套', '4', '21662.41', null, '兰州车辆段及异地车间', null, null, '53F17BB11B3C007EE0537F000001007E', TO_DATE('2017-07-10 14:13:36', 'YYYY-MM-DD HH24:MI:SS'), '52D471DC2BD08084E0537F0000018084', '52D875033CA6B0FAE0537F000001B0FA');
INSERT INTO "GYSGLBJ"."E_QUOTE" VALUES ('23', '950100000042', '缓冲器托板', '520×200×14 圆孔孔径20mm', 'CRCC或重要件合格证', '个', '9', '200.90', '1808.10', '兰州车辆段及异地车间', null, null, '53F17BB11B3D007EE0537F000001007E', TO_DATE('2017-07-10 14:13:36', 'YYYY-MM-DD HH24:MI:SS'), '52D471DC2BD08084E0537F0000018084', '52D875033CA6B0FAE0537F000001B0FA');
INSERT INTO "GYSGLBJ"."E_QUOTE" VALUES ('24', '950100000065', '缓冲器弹簧盒', 'G1', 'CRCC或重要件合格证', '对', '14', '409.82', '5737.48', '兰州车辆段及异地车间', null, null, '53F17BB11B3E007EE0537F000001007E', TO_DATE('2017-07-10 14:13:36', 'YYYY-MM-DD HH24:MI:SS'), '52D471DC2BD08084E0537F0000018084', '52D875033CA6B0FAE0537F000001B0FA');
INSERT INTO "GYSGLBJ"."E_QUOTE" VALUES ('25', '950200000001', '车钩尾框', '15号C', 'CRCC或重要件合格证', '个', '40', '1583.02', '63320.80', '兰州车辆段及异地车间', null, null, '53F17BB11B3F007EE0537F000001007E', TO_DATE('2017-07-10 14:13:36', 'YYYY-MM-DD HH24:MI:SS'), '52D471DC2BD08084E0537F0000018084', '52D875033CA6B0FAE0537F000001B0FA');
INSERT INTO "GYSGLBJ"."E_QUOTE" VALUES ('26', '950300000003', '钩尾销', '15号', 'CRCC或重要件合格证', '个', '100', '147.85', '14785', '兰州车辆段及异地车间', null, null, '53F17BB11B40007EE0537F000001007E', TO_DATE('2017-07-10 14:13:36', 'YYYY-MM-DD HH24:MI:SS'), '52D471DC2BD08084E0537F0000018084', '52D875033CA6B0FAE0537F000001B0FA');
INSERT INTO "GYSGLBJ"."E_QUOTE" VALUES ('27', '950300000012', '密接式钩钩尾销螺母', 'MJGH-25T', 'CRCC或重要件合格证', '个', '105', '116.52', '12234.60', '兰州车辆段及异地车间', null, null, '53F17BB11B41007EE0537F000001007E', TO_DATE('2017-07-10 14:13:36', 'YYYY-MM-DD HH24:MI:SS'), '52D471DC2BD08084E0537F0000018084', '52D875033CA6B0FAE0537F000001B0FA');
INSERT INTO "GYSGLBJ"."E_QUOTE" VALUES ('28', '950300000021', '后从板', '15号', 'CRCC或重要件合格证', '块', '6', '327.86', '1967.16', '兰州车辆段及异地车间', null, null, '53F17BB11B42007EE0537F000001007E', TO_DATE('2017-07-10 14:13:36', 'YYYY-MM-DD HH24:MI:SS'), '52D471DC2BD08084E0537F0000018084', '52D875033CA6B0FAE0537F000001B0FA');
INSERT INTO "GYSGLBJ"."E_QUOTE" VALUES ('29', '950300000022', '钩尾扁销', '15C', 'CRCC或重要件合格证', '个', '71.5', '147.05', '10514.08', '兰州车辆段及异地车间', null, null, '53F17BB11B43007EE0537F000001007E', TO_DATE('2017-07-10 14:13:36', 'YYYY-MM-DD HH24:MI:SS'), '52D471DC2BD08084E0537F0000018084', '52D875033CA6B0FAE0537F000001B0FA');
INSERT INTO "GYSGLBJ"."E_QUOTE" VALUES ('30', '950300000026', '下锁销杆', '15号', 'CRCC或重要件合格证', '个', '9', '60.26', '542.34', '兰州车辆段及异地车间', null, null, '53F17BB11B44007EE0537F000001007E', TO_DATE('2017-07-10 14:13:36', 'YYYY-MM-DD HH24:MI:SS'), '52D471DC2BD08084E0537F0000018084', '52D875033CA6B0FAE0537F000001B0FA');
INSERT INTO "GYSGLBJ"."E_QUOTE" VALUES ('31', '950300000027', '密接式车钩钩尾销', '25DT ', 'CRCC或重要件合格证', '个', '35', '1148.30', '40190.50', '兰州车辆段及异地车间', null, null, '53F17BB11B45007EE0537F000001007E', TO_DATE('2017-07-10 14:13:36', 'YYYY-MM-DD HH24:MI:SS'), '52D471DC2BD08084E0537F0000018084', '52D875033CA6B0FAE0537F000001B0FA');
INSERT INTO "GYSGLBJ"."E_QUOTE" VALUES ('34', '950900000008', '密接式钩安装螺栓及螺母', 'MJGH-25T M38 L=105mm', 'CRCC或重要件合格证', '套', '78', '278.84', '21749.52', '兰州车辆段及异地车间', null, null, '54012697E7AC9058E0537F0000019058', TO_DATE('2017-07-11 08:55:07', 'YYYY-MM-DD HH24:MI:SS'), '53B76872C65E1090E0537F0000011090', '52D875033CA6B0FAE0537F000001B0FA');
INSERT INTO "GYSGLBJ"."E_QUOTE" VALUES ('35', '950900000010', '密接式钩安装座', 'MJGH-25T', 'CRCC或重要件合格证', '个', '6', '3374.97', '20249.82', '兰州车辆段及异地车间', null, null, '54012697E7AD9058E0537F0000019058', TO_DATE('2017-07-11 08:55:07', 'YYYY-MM-DD HH24:MI:SS'), '53B76872C65E1090E0537F0000011090', '52D875033CA6B0FAE0537F000001B0FA');
INSERT INTO "GYSGLBJ"."E_QUOTE" VALUES ('36', '950900000016', '密接式钩关节轴承垫圈', 'MJGH-25T、MJGH-QZ', 'CRCC或重要件合格证', '个', '21', '257.14', '5399.94', '西安车辆段及异地车间', '123', '123', '54012697E7AE9058E0537F0000019058', TO_DATE('2017-07-11 08:55:07', 'YYYY-MM-DD HH24:MI:SS'), '53B76872C65E1090E0537F0000011090', '52D875033CA6B0FAE0537F000001B0FA');
INSERT INTO "GYSGLBJ"."E_QUOTE" VALUES ('37', '950900000032', '密接式钩支撑弹簧盒', 'MJGH-25T、MJGH-QZ', 'CRCC或重要件合格证', '个', '15', '948.21', '14223.15', '兰州车辆段及异地车间', null, null, '54012697E7AF9058E0537F0000019058', TO_DATE('2017-07-11 08:55:07', 'YYYY-MM-DD HH24:MI:SS'), '53B76872C65E1090E0537F0000011090', '52D875033CA6B0FAE0537F000001B0FA');
INSERT INTO "GYSGLBJ"."E_QUOTE" VALUES ('38', '950900000043', '钩耳垫片', '42.5×52×2', 'CRCC或重要件合格证', '个', '300', '3.85', '1155', '兰州车辆段及异地车间', null, null, '54012697E7B09058E0537F0000019058', TO_DATE('2017-07-11 08:55:07', 'YYYY-MM-DD HH24:MI:SS'), '53B76872C65E1090E0537F0000011090', '52D875033CA6B0FAE0537F000001B0FA');
INSERT INTO "GYSGLBJ"."E_QUOTE" VALUES ('39', '950900000046', '钩头磨耗板', '215×145×12', 'CRCC或重要件合格证', '个', '605', '52.28', '31629.40', '兰州车辆段及异地车间', null, null, '54012697E7B19058E0537F0000019058', TO_DATE('2017-07-11 08:55:07', 'YYYY-MM-DD HH24:MI:SS'), '53B76872C65E1090E0537F0000011090', '52D875033CA6B0FAE0537F000001B0FA');
INSERT INTO "GYSGLBJ"."E_QUOTE" VALUES ('40', '950900000047', '钩头磨耗板', '215×145×10', 'CRCC或重要件合格证', '个', '275', '35.59', '9787.25', '兰州车辆段及异地车间', null, null, '54012697E7B29058E0537F0000019058', TO_DATE('2017-07-11 08:55:07', 'YYYY-MM-DD HH24:MI:SS'), '53B76872C65E1090E0537F0000011090', '52D875033CA6B0FAE0537F000001B0FA');
INSERT INTO "GYSGLBJ"."E_QUOTE" VALUES ('41', '950900000049', '钩头磨耗板', '215×145×8', 'CRCC或重要件合格证', '个', '15', '36.16', '542.40', '兰州车辆段及异地车间', null, null, '54012697E7B39058E0537F0000019058', TO_DATE('2017-07-11 08:55:07', 'YYYY-MM-DD HH24:MI:SS'), '53B76872C65E1090E0537F0000011090', '52D875033CA6B0FAE0537F000001B0FA');
INSERT INTO "GYSGLBJ"."E_QUOTE" VALUES ('42', '950900000056', '钩舌', '15CX 小间隙', 'CRCC或重要件合格证', '个', '14.7', '916.06', '13466.08', '兰州车辆段及异地车间', null, null, '54012697E7B49058E0537F0000019058', TO_DATE('2017-07-11 08:55:07', 'YYYY-MM-DD HH24:MI:SS'), '53B76872C65E1090E0537F0000011090', '52D875033CA6B0FAE0537F000001B0FA');
INSERT INTO "GYSGLBJ"."E_QUOTE" VALUES ('43', '950900000068', '下锁销杆吊', '15C', 'CRCC或重要件合格证', '套', '21', '39.37', '826.77', '兰州车辆段及异地车间', null, null, '54012697E7B59058E0537F0000019058', TO_DATE('2017-07-11 08:55:07', 'YYYY-MM-DD HH24:MI:SS'), '53B76872C65E1090E0537F0000011090', '52D875033CA6B0FAE0537F000001B0FA');
INSERT INTO "GYSGLBJ"."E_QUOTE" VALUES ('44', '950900000095', '锁铁', '二孔', 'CRCC或重要件合格证', '个', '149.8', '127.77', '19139.95', '兰州车辆段及异地车间', null, null, '54012697E7B69058E0537F0000019058', TO_DATE('2017-07-11 08:55:07', 'YYYY-MM-DD HH24:MI:SS'), '53B76872C65E1090E0537F0000011090', '52D875033CA6B0FAE0537F000001B0FA');
INSERT INTO "GYSGLBJ"."E_QUOTE" VALUES ('45', '950900000131', '车钩提杆吊环座', '209 焊接', 'CRCC或重要件合格证', '个', '3', '112.50', '337.50', '兰州车辆段及异地车间', null, null, '54012697E7B79058E0537F0000019058', TO_DATE('2017-07-11 08:55:07', 'YYYY-MM-DD HH24:MI:SS'), '53B76872C65E1090E0537F0000011090', '52D875033CA6B0FAE0537F000001B0FA');
INSERT INTO "GYSGLBJ"."E_QUOTE" VALUES ('46', '950900000145', '连接螺栓组合', 'SYST104 螺母、垫销 8.8级', 'CRCC或重要件合格证', '套', '91', '190.44', '17330.04', '兰州车辆段及异地车间', null, null, '54012697E7B89058E0537F0000019058', TO_DATE('2017-07-11 08:55:07', 'YYYY-MM-DD HH24:MI:SS'), '53B76872C65E1090E0537F0000011090', '52D875033CA6B0FAE0537F000001B0FA');
INSERT INTO "GYSGLBJ"."E_QUOTE" VALUES ('47', '950900000168', '车钩提杆吊座组成', '15', 'CRCC或重要件合格证', '个', '35', '120.54', '4218.90', '兰州车辆段及异地车间', null, null, '54012697E7B99058E0537F0000019058', TO_DATE('2017-07-11 08:55:07', 'YYYY-MM-DD HH24:MI:SS'), '53B76872C65E1090E0537F0000011090', '52D875033CA6B0FAE0537F000001B0FA');
INSERT INTO "GYSGLBJ"."E_QUOTE" VALUES ('48', '950900000186', '钩舌', '15C', 'CRCC或重要件合格证', '个', '495.6', '333.54', '165302.42', '兰州车辆段及异地车间', null, null, '54012697E7BA9058E0537F0000019058', TO_DATE('2017-07-11 08:55:07', 'YYYY-MM-DD HH24:MI:SS'), '53B76872C65E1090E0537F0000011090', '52D875033CA6B0FAE0537F000001B0FA');
INSERT INTO "GYSGLBJ"."E_QUOTE" VALUES ('49', '950900000221', '密接钩链', 'L=750mm 25T', 'CRCC或重要件合格证', '套', '35', '54.64', '1912.40', '兰州车辆段及异地车间', null, null, '54012697E7BB9058E0537F0000019058', TO_DATE('2017-07-11 08:55:07', 'YYYY-MM-DD HH24:MI:SS'), '53B76872C65E1090E0537F0000011090', '52D875033CA6B0FAE0537F000001B0FA');
INSERT INTO "GYSGLBJ"."E_QUOTE" VALUES ('50', '950900000291', '密接钩套Ⅰ', 'Φ105×Φ90×60', 'CRCC或重要件合格证', '个', '168', '188.83', '31723.44', '兰州车辆段及异地车间', null, null, '54012697E7BC9058E0537F0000019058', TO_DATE('2017-07-11 08:55:07', 'YYYY-MM-DD HH24:MI:SS'), '53B76872C65E1090E0537F0000011090', '52D875033CA6B0FAE0537F000001B0FA');
INSERT INTO "GYSGLBJ"."E_QUOTE" VALUES ('51', '950900000292', '密接钩套Ⅱ', 'Φ90×Φ70×66', 'CRCC或重要件合格证', '个', '218', '220.98', '48173.64', '兰州车辆段及异地车间', null, null, '54012697E7BD9058E0537F0000019058', TO_DATE('2017-07-11 08:55:07', 'YYYY-MM-DD HH24:MI:SS'), '53B76872C65E1090E0537F0000011090', '52D875033CA6B0FAE0537F000001B0FA');
INSERT INTO "GYSGLBJ"."E_QUOTE" VALUES ('52', '950900000295', '下锁销杆吊套', 'Φ20×36×2(壁厚)', 'CRCC或重要件合格证', '个', '1000', '47.89', '47890', '兰州车辆段及异地车间', null, null, '54012697E7BE9058E0537F0000019058', TO_DATE('2017-07-11 08:55:07', 'YYYY-MM-DD HH24:MI:SS'), '53B76872C65E1090E0537F0000011090', '52D875033CA6B0FAE0537F000001B0FA');
INSERT INTO "GYSGLBJ"."E_QUOTE" VALUES ('53', '950900000302', '钩头磨耗板', '160mm×160mm×20mm×10mm', 'CRCC或重要件合格证', '块', '21', '47.41', '995.61', '兰州车辆段及异地车间', null, null, '54012697E7BF9058E0537F0000019058', TO_DATE('2017-07-11 08:55:07', 'YYYY-MM-DD HH24:MI:SS'), '53B76872C65E1090E0537F0000011090', '52D875033CA6B0FAE0537F000001B0FA');
INSERT INTO "GYSGLBJ"."E_QUOTE" VALUES ('52', '950900000295', '下锁销杆吊套', 'Φ20×36×2(壁厚)', 'CRCC或重要件合格证', '个', '1000', '47.89', '47890', '兰州车辆段及异地车间', null, null, '53F17BB11B8F007EE0537F000001007E', TO_DATE('2017-07-10 14:13:44', 'YYYY-MM-DD HH24:MI:SS'), '52D471DC2BCF8084E0537F0000018084', '52D875033CA6B0FAE0537F000001B0FA');
INSERT INTO "GYSGLBJ"."E_QUOTE" VALUES ('53', '950900000302', '钩头磨耗板', '160mm×160mm×20mm×10mm', 'CRCC或重要件合格证', '块', '21', '47.41', '995.61', '兰州车辆段及异地车间', null, null, '53F17BB11B90007EE0537F000001007E', TO_DATE('2017-07-10 14:13:44', 'YYYY-MM-DD HH24:MI:SS'), '52D471DC2BCF8084E0537F0000018084', '52D875033CA6B0FAE0537F000001B0FA');
INSERT INTO "GYSGLBJ"."E_QUOTE" VALUES ('1', '950000000003', '车钩提杆', '15号', 'CRCC或重要件合格证', '根', '8.4', '103.46', '869.06', '兰州车辆段及异地车间', null, null, '54012697E78B9058E0537F0000019058', TO_DATE('2017-07-11 08:55:07', 'YYYY-MM-DD HH24:MI:SS'), '53B76872C65E1090E0537F0000011090', '52D875033CA6B0FAE0537F000001B0FA');
INSERT INTO "GYSGLBJ"."E_QUOTE" VALUES ('2', '950000000005', '车钩提杆', '15号', 'CRCC或重要件合格证', '根', '14', '95.03', '1330.42', '兰州车辆段及异地车间', null, null, '54012697E78C9058E0537F0000019058', TO_DATE('2017-07-11 08:55:07', 'YYYY-MM-DD HH24:MI:SS'), '53B76872C65E1090E0537F0000011090', '52D875033CA6B0FAE0537F000001B0FA');
INSERT INTO "GYSGLBJ"."E_QUOTE" VALUES ('3', '950000000014', '钩舌', '15号C', 'CRCC或重要件合格证', '个', '540', '477.68', '257947.20', '兰州车辆段及异地车间', null, null, '54012697E78D9058E0537F0000019058', TO_DATE('2017-07-11 08:55:07', 'YYYY-MM-DD HH24:MI:SS'), '53B76872C65E1090E0537F0000011090', '52D875033CA6B0FAE0537F000001B0FA');
INSERT INTO "GYSGLBJ"."E_QUOTE" VALUES ('4', '950000000016', '钩舌推铁', '15号', 'CRCC或重要件合格证', '个', '300', '627.89', '188367', '兰州车辆段及异地车间', null, null, '54012697E78E9058E0537F0000019058', TO_DATE('2017-07-11 08:55:07', 'YYYY-MM-DD HH24:MI:SS'), '53B76872C65E1090E0537F0000011090', '52D875033CA6B0FAE0537F000001B0FA');
INSERT INTO "GYSGLBJ"."E_QUOTE" VALUES ('5', '950000000017', '钩舌销', '15号', 'CRCC或重要件合格证', '个', '240', '61.07', '14656.80', '兰州车辆段及异地车间', null, null, '54012697E78F9058E0537F0000019058', TO_DATE('2017-07-11 08:55:07', 'YYYY-MM-DD HH24:MI:SS'), '53B76872C65E1090E0537F0000011090', '52D875033CA6B0FAE0537F000001B0FA');
INSERT INTO "GYSGLBJ"."E_QUOTE" VALUES ('6', '950000000021', '钩锁铁', '15号', 'CRCC或重要件合格证', '个', '33', '105.46', '3480.18', '兰州车辆段及异地车间', null, null, '54012697E7909058E0537F0000019058', TO_DATE('2017-07-11 08:55:07', 'YYYY-MM-DD HH24:MI:SS'), '53B76872C65E1090E0537F0000011090', '52D875033CA6B0FAE0537F000001B0FA');
INSERT INTO "GYSGLBJ"."E_QUOTE" VALUES ('7', '950000000027', '密接式钩钩舌', 'MJGH-25T Φ140', 'CRCC或重要件合格证', '个', '21', '508.85', '10685.85', '兰州车辆段及异地车间', null, null, '54012697E7919058E0537F0000019058', TO_DATE('2017-07-11 08:55:07', 'YYYY-MM-DD HH24:MI:SS'), '53B76872C65E1090E0537F0000011090', '52D875033CA6B0FAE0537F000001B0FA');
INSERT INTO "GYSGLBJ"."E_QUOTE" VALUES ('8', '950000000035', '密接式钩解钩风缸', 'MJGH-25T', 'CRCC或重要件合格证', '个', '15', '1523.77', '22856.55', '兰州车辆段及异地车间', null, null, '54012697E7929058E0537F0000019058', TO_DATE('2017-07-11 08:55:07', 'YYYY-MM-DD HH24:MI:SS'), '53B76872C65E1090E0537F0000011090', '52D875033CA6B0FAE0537F000001B0FA');
INSERT INTO "GYSGLBJ"."E_QUOTE" VALUES ('9', '950000000042', '钩舌销螺母', 'M30', 'CRCC或重要件合格证', '个', '1510', '2.71', '4092.10', '兰州车辆段及异地车间', null, null, '54012697E7939058E0537F0000019058', TO_DATE('2017-07-11 08:55:07', 'YYYY-MM-DD HH24:MI:SS'), '53B76872C65E1090E0537F0000011090', '52D875033CA6B0FAE0537F000001B0FA');
INSERT INTO "GYSGLBJ"."E_QUOTE" VALUES ('10', '950000000045', '钩舌', '15号', 'CRCC或重要件合格证', '套', '24', '932.22', '22373.28', '兰州车辆段及异地车间', null, null, '54012697E7949058E0537F0000019058', TO_DATE('2017-07-11 08:55:07', 'YYYY-MM-DD HH24:MI:SS'), '53B76872C65E1090E0537F0000011090', '52D875033CA6B0FAE0537F000001B0FA');
INSERT INTO "GYSGLBJ"."E_QUOTE" VALUES ('11', '950000000049', '钩锁铁', '15号C', 'CRCC或重要件合格证', '个', '300', '124.46', '37338', '兰州车辆段及异地车间', null, null, '54012697E7959058E0537F0000019058', TO_DATE('2017-07-11 08:55:07', 'YYYY-MM-DD HH24:MI:SS'), '53B76872C65E1090E0537F0000011090', '52D875033CA6B0FAE0537F000001B0FA');
INSERT INTO "GYSGLBJ"."E_QUOTE" VALUES ('12', '950000000057', '下锁销', '15C', 'CRCC或重要件合格证', '无', '70', '180.03', '12602.10', '兰州车辆段及异地车间', null, null, '54012697E7969058E0537F0000019058', TO_DATE('2017-07-11 08:55:07', 'YYYY-MM-DD HH24:MI:SS'), '53B76872C65E1090E0537F0000011090', '52D875033CA6B0FAE0537F000001B0FA');
INSERT INTO "GYSGLBJ"."E_QUOTE" VALUES ('13', '950000000059', '小间隙钩舌', '15号 小间隙', 'CRCC或重要件合格证', '个', '14', '823.88', '11534.32', '兰州车辆段及异地车间', null, null, '54012697E7979058E0537F0000019058', TO_DATE('2017-07-11 08:55:07', 'YYYY-MM-DD HH24:MI:SS'), '53B76872C65E1090E0537F0000011090', '52D875033CA6B0FAE0537F000001B0FA');
INSERT INTO "GYSGLBJ"."E_QUOTE" VALUES ('14', '950000000071', '解钩手柄', '25T 密接式车钩', 'CRCC或重要件合格证', '套', '1.4', '241.07', '337.50', '兰州车辆段及异地车间', null, null, '54012697E7989058E0537F0000019058', TO_DATE('2017-07-11 08:55:07', 'YYYY-MM-DD HH24:MI:SS'), '53B76872C65E1090E0537F0000011090', '52D875033CA6B0FAE0537F000001B0FA');
INSERT INTO "GYSGLBJ"."E_QUOTE" VALUES ('15', '950000000073', '钩舌圆销', '托梁车钩', 'CRCC或重要件合格证', '根', '3', '88.39', '265.17', '兰州车辆段及异地车间', null, null, '54012697E7999058E0537F0000019058', TO_DATE('2017-07-11 08:55:07', 'YYYY-MM-DD HH24:MI:SS'), '53B76872C65E1090E0537F0000011090', '52D875033CA6B0FAE0537F000001B0FA');
INSERT INTO "GYSGLBJ"."E_QUOTE" VALUES ('16', '950000000084', '小间隙车钩', '15CX', 'CRCC或重要件合格证', '个', '13.3', '3672.29', '48841.46', '兰州车辆段及异地车间', null, null, '54012697E79A9058E0537F0000019058', TO_DATE('2017-07-11 08:55:07', 'YYYY-MM-DD HH24:MI:SS'), '53B76872C65E1090E0537F0000011090', '52D875033CA6B0FAE0537F000001B0FA');
INSERT INTO "GYSGLBJ"."E_QUOTE" VALUES ('17', '950000000091', '过渡车钩', '15C', 'CRCC或重要件合格证', '个', '2.4', '7151.73', '17164.15', '兰州车辆段及异地车间', null, null, '54012697E79B9058E0537F0000019058', TO_DATE('2017-07-11 08:55:07', 'YYYY-MM-DD HH24:MI:SS'), '53B76872C65E1090E0537F0000011090', '52D875033CA6B0FAE0537F000001B0FA');
INSERT INTO "GYSGLBJ"."E_QUOTE" VALUES ('18', '950000000111', '托梁式过渡车钩', '15#', 'CRCC或重要件合格证', '套', '2.4', '30696.18', '73670.83', '兰州车辆段及异地车间', null, null, '54012697E79C9058E0537F0000019058', TO_DATE('2017-07-11 08:55:07', 'YYYY-MM-DD HH24:MI:SS'), '53B76872C65E1090E0537F0000011090', '52D875033CA6B0FAE0537F000001B0FA');
INSERT INTO "GYSGLBJ"."E_QUOTE" VALUES ('19', '950000000113', '托梁车钩托梁磨耗板', '830×160×55', 'CRCC或重要件合格证', '个', '9', '225', '2025', '兰州车辆段及异地车间', null, null, '54012697E79D9058E0537F0000019058', TO_DATE('2017-07-11 08:55:07', 'YYYY-MM-DD HH24:MI:SS'), '53B76872C65E1090E0537F0000011090', '52D875033CA6B0FAE0537F000001B0FA');
INSERT INTO "GYSGLBJ"."E_QUOTE" VALUES ('20', '950100000008', '缓冲器', 'G1号', 'CRCC或重要件合格证', '套', '200', '2772.30', '554460', '兰州车辆段及异地车间', null, null, '54012697E79E9058E0537F0000019058', TO_DATE('2017-07-11 08:55:07', 'YYYY-MM-DD HH24:MI:SS'), '53B76872C65E1090E0537F0000011090', '52D875033CA6B0FAE0537F000001B0FA');
INSERT INTO "GYSGLBJ"."E_QUOTE" VALUES ('21', '950100000025', '不锈钢缓解阀', '加长85mm Dg20 B向', 'CRCC或重要件合格证', '套', '21', '144.65', '3037.65', '兰州车辆段及异地车间', null, null, '54012697E79F9058E0537F0000019058', TO_DATE('2017-07-11 08:55:07', 'YYYY-MM-DD HH24:MI:SS'), '53B76872C65E1090E0537F0000011090', '52D875033CA6B0FAE0537F000001B0FA');
INSERT INTO "GYSGLBJ"."E_QUOTE" VALUES ('22', '950100000040', '弹性胶泥缓冲器', 'KC15', 'CRCC或重要件合格证', '套', '4', '21662.41', null, '兰州车辆段及异地车间', null, null, '54012697E7A09058E0537F0000019058', TO_DATE('2017-07-11 08:55:07', 'YYYY-MM-DD HH24:MI:SS'), '53B76872C65E1090E0537F0000011090', '52D875033CA6B0FAE0537F000001B0FA');
INSERT INTO "GYSGLBJ"."E_QUOTE" VALUES ('23', '950100000042', '缓冲器托板', '520×200×14 圆孔孔径20mm', 'CRCC或重要件合格证', '个', '9', '200.90', '1808.10', '兰州车辆段及异地车间', null, null, '54012697E7A19058E0537F0000019058', TO_DATE('2017-07-11 08:55:07', 'YYYY-MM-DD HH24:MI:SS'), '53B76872C65E1090E0537F0000011090', '52D875033CA6B0FAE0537F000001B0FA');
INSERT INTO "GYSGLBJ"."E_QUOTE" VALUES ('24', '950100000065', '缓冲器弹簧盒', 'G1', 'CRCC或重要件合格证', '对', '14', '409.82', '5737.48', '兰州车辆段及异地车间', null, null, '54012697E7A29058E0537F0000019058', TO_DATE('2017-07-11 08:55:07', 'YYYY-MM-DD HH24:MI:SS'), '53B76872C65E1090E0537F0000011090', '52D875033CA6B0FAE0537F000001B0FA');
INSERT INTO "GYSGLBJ"."E_QUOTE" VALUES ('25', '950200000001', '车钩尾框', '15号C', 'CRCC或重要件合格证', '个', '40', '1583.02', '63320.80', '兰州车辆段及异地车间', null, null, '54012697E7A39058E0537F0000019058', TO_DATE('2017-07-11 08:55:07', 'YYYY-MM-DD HH24:MI:SS'), '53B76872C65E1090E0537F0000011090', '52D875033CA6B0FAE0537F000001B0FA');
INSERT INTO "GYSGLBJ"."E_QUOTE" VALUES ('26', '950300000003', '钩尾销', '15号', 'CRCC或重要件合格证', '个', '100', '147.85', '14785', '兰州车辆段及异地车间', null, null, '54012697E7A49058E0537F0000019058', TO_DATE('2017-07-11 08:55:07', 'YYYY-MM-DD HH24:MI:SS'), '53B76872C65E1090E0537F0000011090', '52D875033CA6B0FAE0537F000001B0FA');
INSERT INTO "GYSGLBJ"."E_QUOTE" VALUES ('27', '950300000012', '密接式钩钩尾销螺母', 'MJGH-25T', 'CRCC或重要件合格证', '个', '105', '116.52', '12234.60', '兰州车辆段及异地车间', null, null, '54012697E7A59058E0537F0000019058', TO_DATE('2017-07-11 08:55:07', 'YYYY-MM-DD HH24:MI:SS'), '53B76872C65E1090E0537F0000011090', '52D875033CA6B0FAE0537F000001B0FA');
INSERT INTO "GYSGLBJ"."E_QUOTE" VALUES ('28', '950300000021', '后从板', '15号', 'CRCC或重要件合格证', '块', '6', '327.86', '1967.16', '兰州车辆段及异地车间', null, null, '54012697E7A69058E0537F0000019058', TO_DATE('2017-07-11 08:55:07', 'YYYY-MM-DD HH24:MI:SS'), '53B76872C65E1090E0537F0000011090', '52D875033CA6B0FAE0537F000001B0FA');
INSERT INTO "GYSGLBJ"."E_QUOTE" VALUES ('29', '950300000022', '钩尾扁销', '15C', 'CRCC或重要件合格证', '个', '71.5', '147.05', '10514.08', '兰州车辆段及异地车间', null, null, '54012697E7A79058E0537F0000019058', TO_DATE('2017-07-11 08:55:07', 'YYYY-MM-DD HH24:MI:SS'), '53B76872C65E1090E0537F0000011090', '52D875033CA6B0FAE0537F000001B0FA');
INSERT INTO "GYSGLBJ"."E_QUOTE" VALUES ('30', '950300000026', '下锁销杆', '15号', 'CRCC或重要件合格证', '个', '9', '60.26', '542.34', '兰州车辆段及异地车间', null, null, '54012697E7A89058E0537F0000019058', TO_DATE('2017-07-11 08:55:07', 'YYYY-MM-DD HH24:MI:SS'), '53B76872C65E1090E0537F0000011090', '52D875033CA6B0FAE0537F000001B0FA');
INSERT INTO "GYSGLBJ"."E_QUOTE" VALUES ('31', '950300000027', '密接式车钩钩尾销', '25DT ', 'CRCC或重要件合格证', '个', '35', '1148.30', '40190.50', '兰州车辆段及异地车间', null, null, '54012697E7A99058E0537F0000019058', TO_DATE('2017-07-11 08:55:07', 'YYYY-MM-DD HH24:MI:SS'), '53B76872C65E1090E0537F0000011090', '52D875033CA6B0FAE0537F000001B0FA');
INSERT INTO "GYSGLBJ"."E_QUOTE" VALUES ('32', '950900000000', '摆块', '15号', 'CRCC或重要件合格证', '个', '51', '388.12', '19794.12', '兰州车辆段及异地车间', null, null, '54012697E7AA9058E0537F0000019058', TO_DATE('2017-07-11 08:55:07', 'YYYY-MM-DD HH24:MI:SS'), '53B76872C65E1090E0537F0000011090', '52D875033CA6B0FAE0537F000001B0FA');
INSERT INTO "GYSGLBJ"."E_QUOTE" VALUES ('33', '950900000001', '摆块吊', '15号', 'CRCC或重要件合格证', '个', '236', '84.97', '20052.92', '兰州车辆段及异地车间', null, null, '54012697E7AB9058E0537F0000019058', TO_DATE('2017-07-11 08:55:07', 'YYYY-MM-DD HH24:MI:SS'), '53B76872C65E1090E0537F0000011090', '52D875033CA6B0FAE0537F000001B0FA');
INSERT INTO "GYSGLBJ"."E_QUOTE" VALUES ('18', '950000000111', '托梁式过渡车钩', '15#', 'CRCC或重要件合格证', '套', '2.4', '30696.18', '73670.83', '兰州车辆段及异地车间', null, null, '53F17BB11B6D007EE0537F000001007E', TO_DATE('2017-07-10 14:13:44', 'YYYY-MM-DD HH24:MI:SS'), '52D471DC2BCF8084E0537F0000018084', '52D875033CA6B0FAE0537F000001B0FA');
INSERT INTO "GYSGLBJ"."E_QUOTE" VALUES ('19', '950000000113', '托梁车钩托梁磨耗板', '830×160×55', 'CRCC或重要件合格证', '个', '9', '225', '2025', '兰州车辆段及异地车间', null, null, '53F17BB11B6E007EE0537F000001007E', TO_DATE('2017-07-10 14:13:44', 'YYYY-MM-DD HH24:MI:SS'), '52D471DC2BCF8084E0537F0000018084', '52D875033CA6B0FAE0537F000001B0FA');
INSERT INTO "GYSGLBJ"."E_QUOTE" VALUES ('20', '950100000008', '缓冲器', 'G1号', 'CRCC或重要件合格证', '套', '200', '2772.30', '554460', '兰州车辆段及异地车间', null, null, '53F17BB11B6F007EE0537F000001007E', TO_DATE('2017-07-10 14:13:44', 'YYYY-MM-DD HH24:MI:SS'), '52D471DC2BCF8084E0537F0000018084', '52D875033CA6B0FAE0537F000001B0FA');
INSERT INTO "GYSGLBJ"."E_QUOTE" VALUES ('21', '950100000025', '不锈钢缓解阀', '加长85mm Dg20 B向', 'CRCC或重要件合格证', '套', '21', '144.65', '3037.65', '兰州车辆段及异地车间', null, null, '53F17BB11B70007EE0537F000001007E', TO_DATE('2017-07-10 14:13:44', 'YYYY-MM-DD HH24:MI:SS'), '52D471DC2BCF8084E0537F0000018084', '52D875033CA6B0FAE0537F000001B0FA');
INSERT INTO "GYSGLBJ"."E_QUOTE" VALUES ('22', '950100000040', '弹性胶泥缓冲器', 'KC15', 'CRCC或重要件合格证', '套', '4', '21662.41', null, '兰州车辆段及异地车间', null, null, '53F17BB11B71007EE0537F000001007E', TO_DATE('2017-07-10 14:13:44', 'YYYY-MM-DD HH24:MI:SS'), '52D471DC2BCF8084E0537F0000018084', '52D875033CA6B0FAE0537F000001B0FA');
INSERT INTO "GYSGLBJ"."E_QUOTE" VALUES ('23', '950100000042', '缓冲器托板', '520×200×14 圆孔孔径20mm', 'CRCC或重要件合格证', '个', '9', '200.90', '1808.10', '兰州车辆段及异地车间', null, null, '53F17BB11B72007EE0537F000001007E', TO_DATE('2017-07-10 14:13:44', 'YYYY-MM-DD HH24:MI:SS'), '52D471DC2BCF8084E0537F0000018084', '52D875033CA6B0FAE0537F000001B0FA');
INSERT INTO "GYSGLBJ"."E_QUOTE" VALUES ('24', '950100000065', '缓冲器弹簧盒', 'G1', 'CRCC或重要件合格证', '对', '14', '409.82', '5737.48', '兰州车辆段及异地车间', null, null, '53F17BB11B73007EE0537F000001007E', TO_DATE('2017-07-10 14:13:44', 'YYYY-MM-DD HH24:MI:SS'), '52D471DC2BCF8084E0537F0000018084', '52D875033CA6B0FAE0537F000001B0FA');
INSERT INTO "GYSGLBJ"."E_QUOTE" VALUES ('25', '950200000001', '车钩尾框', '15号C', 'CRCC或重要件合格证', '个', '40', '1583.02', '63320.80', '兰州车辆段及异地车间', null, null, '53F17BB11B74007EE0537F000001007E', TO_DATE('2017-07-10 14:13:44', 'YYYY-MM-DD HH24:MI:SS'), '52D471DC2BCF8084E0537F0000018084', '52D875033CA6B0FAE0537F000001B0FA');
INSERT INTO "GYSGLBJ"."E_QUOTE" VALUES ('26', '950300000003', '钩尾销', '15号', 'CRCC或重要件合格证', '个', '100', '147.85', '14785', '兰州车辆段及异地车间', null, null, '53F17BB11B75007EE0537F000001007E', TO_DATE('2017-07-10 14:13:44', 'YYYY-MM-DD HH24:MI:SS'), '52D471DC2BCF8084E0537F0000018084', '52D875033CA6B0FAE0537F000001B0FA');
INSERT INTO "GYSGLBJ"."E_QUOTE" VALUES ('27', '950300000012', '密接式钩钩尾销螺母', 'MJGH-25T', 'CRCC或重要件合格证', '个', '105', '116.52', '12234.60', '兰州车辆段及异地车间', null, null, '53F17BB11B76007EE0537F000001007E', TO_DATE('2017-07-10 14:13:44', 'YYYY-MM-DD HH24:MI:SS'), '52D471DC2BCF8084E0537F0000018084', '52D875033CA6B0FAE0537F000001B0FA');
INSERT INTO "GYSGLBJ"."E_QUOTE" VALUES ('28', '950300000021', '后从板', '15号', 'CRCC或重要件合格证', '块', '6', '327.86', '1967.16', '兰州车辆段及异地车间', null, null, '53F17BB11B77007EE0537F000001007E', TO_DATE('2017-07-10 14:13:44', 'YYYY-MM-DD HH24:MI:SS'), '52D471DC2BCF8084E0537F0000018084', '52D875033CA6B0FAE0537F000001B0FA');
INSERT INTO "GYSGLBJ"."E_QUOTE" VALUES ('29', '950300000022', '钩尾扁销', '15C', 'CRCC或重要件合格证', '个', '71.5', '147.05', '10514.08', '兰州车辆段及异地车间', null, null, '53F17BB11B78007EE0537F000001007E', TO_DATE('2017-07-10 14:13:44', 'YYYY-MM-DD HH24:MI:SS'), '52D471DC2BCF8084E0537F0000018084', '52D875033CA6B0FAE0537F000001B0FA');
INSERT INTO "GYSGLBJ"."E_QUOTE" VALUES ('30', '950300000026', '下锁销杆', '15号', 'CRCC或重要件合格证', '个', '9', '60.26', '542.34', '兰州车辆段及异地车间', null, null, '53F17BB11B79007EE0537F000001007E', TO_DATE('2017-07-10 14:13:44', 'YYYY-MM-DD HH24:MI:SS'), '52D471DC2BCF8084E0537F0000018084', '52D875033CA6B0FAE0537F000001B0FA');
INSERT INTO "GYSGLBJ"."E_QUOTE" VALUES ('31', '950300000027', '密接式车钩钩尾销', '25DT ', 'CRCC或重要件合格证', '个', '35', '1148.30', '40190.50', '兰州车辆段及异地车间', null, null, '53F17BB11B7A007EE0537F000001007E', TO_DATE('2017-07-10 14:13:44', 'YYYY-MM-DD HH24:MI:SS'), '52D471DC2BCF8084E0537F0000018084', '52D875033CA6B0FAE0537F000001B0FA');
INSERT INTO "GYSGLBJ"."E_QUOTE" VALUES ('32', '950900000000', '摆块', '15号', 'CRCC或重要件合格证', '个', '51', '388.12', '19794.12', '兰州车辆段及异地车间', null, null, '53F17BB11B7B007EE0537F000001007E', TO_DATE('2017-07-10 14:13:44', 'YYYY-MM-DD HH24:MI:SS'), '52D471DC2BCF8084E0537F0000018084', '52D875033CA6B0FAE0537F000001B0FA');
INSERT INTO "GYSGLBJ"."E_QUOTE" VALUES ('33', '950900000001', '摆块吊', '15号', 'CRCC或重要件合格证', '个', '236', '84.97', '20052.92', '兰州车辆段及异地车间', null, null, '53F17BB11B7C007EE0537F000001007E', TO_DATE('2017-07-10 14:13:44', 'YYYY-MM-DD HH24:MI:SS'), '52D471DC2BCF8084E0537F0000018084', '52D875033CA6B0FAE0537F000001B0FA');
INSERT INTO "GYSGLBJ"."E_QUOTE" VALUES ('34', '950900000008', '密接式钩安装螺栓及螺母', 'MJGH-25T M38 L=105mm', 'CRCC或重要件合格证', '套', '78', '278.84', '21749.52', '兰州车辆段及异地车间', null, null, '53F17BB11B7D007EE0537F000001007E', TO_DATE('2017-07-10 14:13:44', 'YYYY-MM-DD HH24:MI:SS'), '52D471DC2BCF8084E0537F0000018084', '52D875033CA6B0FAE0537F000001B0FA');
INSERT INTO "GYSGLBJ"."E_QUOTE" VALUES ('35', '950900000010', '密接式钩安装座', 'MJGH-25T', 'CRCC或重要件合格证', '个', '6', '3374.97', '20249.82', '兰州车辆段及异地车间', null, null, '53F17BB11B7E007EE0537F000001007E', TO_DATE('2017-07-10 14:13:44', 'YYYY-MM-DD HH24:MI:SS'), '52D471DC2BCF8084E0537F0000018084', '52D875033CA6B0FAE0537F000001B0FA');
INSERT INTO "GYSGLBJ"."E_QUOTE" VALUES ('36', '950900000016', '密接式钩关节轴承垫圈', 'MJGH-25T、MJGH-QZ', 'CRCC或重要件合格证', '个', '21', '257.14', '5399.94', '兰州车辆段及异地车间', null, null, '53F17BB11B7F007EE0537F000001007E', TO_DATE('2017-07-10 14:13:44', 'YYYY-MM-DD HH24:MI:SS'), '52D471DC2BCF8084E0537F0000018084', '52D875033CA6B0FAE0537F000001B0FA');
INSERT INTO "GYSGLBJ"."E_QUOTE" VALUES ('37', '950900000032', '密接式钩支撑弹簧盒', 'MJGH-25T、MJGH-QZ', 'CRCC或重要件合格证', '个', '15', '948.21', '14223.15', '兰州车辆段及异地车间', null, null, '53F17BB11B80007EE0537F000001007E', TO_DATE('2017-07-10 14:13:44', 'YYYY-MM-DD HH24:MI:SS'), '52D471DC2BCF8084E0537F0000018084', '52D875033CA6B0FAE0537F000001B0FA');
INSERT INTO "GYSGLBJ"."E_QUOTE" VALUES ('38', '950900000043', '钩耳垫片', '42.5×52×2', 'CRCC或重要件合格证', '个', '300', '3.85', '1155', '兰州车辆段及异地车间', null, null, '53F17BB11B81007EE0537F000001007E', TO_DATE('2017-07-10 14:13:44', 'YYYY-MM-DD HH24:MI:SS'), '52D471DC2BCF8084E0537F0000018084', '52D875033CA6B0FAE0537F000001B0FA');
INSERT INTO "GYSGLBJ"."E_QUOTE" VALUES ('39', '950900000046', '钩头磨耗板', '215×145×12', 'CRCC或重要件合格证', '个', '605', '52.28', '31629.40', '兰州车辆段及异地车间', null, null, '53F17BB11B82007EE0537F000001007E', TO_DATE('2017-07-10 14:13:44', 'YYYY-MM-DD HH24:MI:SS'), '52D471DC2BCF8084E0537F0000018084', '52D875033CA6B0FAE0537F000001B0FA');
INSERT INTO "GYSGLBJ"."E_QUOTE" VALUES ('40', '950900000047', '钩头磨耗板', '215×145×10', 'CRCC或重要件合格证', '个', '275', '35.59', '9787.25', '兰州车辆段及异地车间', null, null, '53F17BB11B83007EE0537F000001007E', TO_DATE('2017-07-10 14:13:44', 'YYYY-MM-DD HH24:MI:SS'), '52D471DC2BCF8084E0537F0000018084', '52D875033CA6B0FAE0537F000001B0FA');
INSERT INTO "GYSGLBJ"."E_QUOTE" VALUES ('41', '950900000049', '钩头磨耗板', '215×145×8', 'CRCC或重要件合格证', '个', '15', '36.16', '542.40', '兰州车辆段及异地车间', null, null, '53F17BB11B84007EE0537F000001007E', TO_DATE('2017-07-10 14:13:44', 'YYYY-MM-DD HH24:MI:SS'), '52D471DC2BCF8084E0537F0000018084', '52D875033CA6B0FAE0537F000001B0FA');
INSERT INTO "GYSGLBJ"."E_QUOTE" VALUES ('42', '950900000056', '钩舌', '15CX 小间隙', 'CRCC或重要件合格证', '个', '14.7', '916.06', '13466.08', '兰州车辆段及异地车间', null, null, '53F17BB11B85007EE0537F000001007E', TO_DATE('2017-07-10 14:13:44', 'YYYY-MM-DD HH24:MI:SS'), '52D471DC2BCF8084E0537F0000018084', '52D875033CA6B0FAE0537F000001B0FA');
INSERT INTO "GYSGLBJ"."E_QUOTE" VALUES ('43', '950900000068', '下锁销杆吊', '15C', 'CRCC或重要件合格证', '套', '21', '39.37', '826.77', '兰州车辆段及异地车间', null, null, '53F17BB11B86007EE0537F000001007E', TO_DATE('2017-07-10 14:13:44', 'YYYY-MM-DD HH24:MI:SS'), '52D471DC2BCF8084E0537F0000018084', '52D875033CA6B0FAE0537F000001B0FA');
INSERT INTO "GYSGLBJ"."E_QUOTE" VALUES ('44', '950900000095', '锁铁', '二孔', 'CRCC或重要件合格证', '个', '149.8', '127.77', '19139.95', '兰州车辆段及异地车间', null, null, '53F17BB11B87007EE0537F000001007E', TO_DATE('2017-07-10 14:13:44', 'YYYY-MM-DD HH24:MI:SS'), '52D471DC2BCF8084E0537F0000018084', '52D875033CA6B0FAE0537F000001B0FA');
INSERT INTO "GYSGLBJ"."E_QUOTE" VALUES ('45', '950900000131', '车钩提杆吊环座', '209 焊接', 'CRCC或重要件合格证', '个', '3', '112.50', '337.50', '兰州车辆段及异地车间', null, null, '53F17BB11B88007EE0537F000001007E', TO_DATE('2017-07-10 14:13:44', 'YYYY-MM-DD HH24:MI:SS'), '52D471DC2BCF8084E0537F0000018084', '52D875033CA6B0FAE0537F000001B0FA');
INSERT INTO "GYSGLBJ"."E_QUOTE" VALUES ('46', '950900000145', '连接螺栓组合', 'SYST104 螺母、垫销 8.8级', 'CRCC或重要件合格证', '套', '91', '190.44', '17330.04', '兰州车辆段及异地车间', null, null, '53F17BB11B89007EE0537F000001007E', TO_DATE('2017-07-10 14:13:44', 'YYYY-MM-DD HH24:MI:SS'), '52D471DC2BCF8084E0537F0000018084', '52D875033CA6B0FAE0537F000001B0FA');
INSERT INTO "GYSGLBJ"."E_QUOTE" VALUES ('47', '950900000168', '车钩提杆吊座组成', '15', 'CRCC或重要件合格证', '个', '35', '120.54', '4218.90', '兰州车辆段及异地车间', null, null, '53F17BB11B8A007EE0537F000001007E', TO_DATE('2017-07-10 14:13:44', 'YYYY-MM-DD HH24:MI:SS'), '52D471DC2BCF8084E0537F0000018084', '52D875033CA6B0FAE0537F000001B0FA');
INSERT INTO "GYSGLBJ"."E_QUOTE" VALUES ('48', '950900000186', '钩舌', '15C', 'CRCC或重要件合格证', '个', '495.6', '333.54', '165302.42', '兰州车辆段及异地车间', null, null, '53F17BB11B8B007EE0537F000001007E', TO_DATE('2017-07-10 14:13:44', 'YYYY-MM-DD HH24:MI:SS'), '52D471DC2BCF8084E0537F0000018084', '52D875033CA6B0FAE0537F000001B0FA');
INSERT INTO "GYSGLBJ"."E_QUOTE" VALUES ('49', '950900000221', '密接钩链', 'L=750mm 25T', 'CRCC或重要件合格证', '套', '35', '54.64', '1912.40', '兰州车辆段及异地车间', null, null, '53F17BB11B8C007EE0537F000001007E', TO_DATE('2017-07-10 14:13:44', 'YYYY-MM-DD HH24:MI:SS'), '52D471DC2BCF8084E0537F0000018084', '52D875033CA6B0FAE0537F000001B0FA');
INSERT INTO "GYSGLBJ"."E_QUOTE" VALUES ('50', '950900000291', '密接钩套Ⅰ', 'Φ105×Φ90×60', 'CRCC或重要件合格证', '个', '168', '188.83', '31723.44', '兰州车辆段及异地车间', null, null, '53F17BB11B8D007EE0537F000001007E', TO_DATE('2017-07-10 14:13:44', 'YYYY-MM-DD HH24:MI:SS'), '52D471DC2BCF8084E0537F0000018084', '52D875033CA6B0FAE0537F000001B0FA');
INSERT INTO "GYSGLBJ"."E_QUOTE" VALUES ('51', '950900000292', '密接钩套Ⅱ', 'Φ90×Φ70×66', 'CRCC或重要件合格证', '个', '218', '220.98', '48173.64', '兰州车辆段及异地车间', null, null, '53F17BB11B8E007EE0537F000001007E', TO_DATE('2017-07-10 14:13:44', 'YYYY-MM-DD HH24:MI:SS'), '52D471DC2BCF8084E0537F0000018084', '52D875033CA6B0FAE0537F000001B0FA');
INSERT INTO "GYSGLBJ"."E_QUOTE" VALUES ('36', '950900000016', '密接式钩关节轴承垫圈', 'MJGH-25T、MJGH-QZ', 'CRCC或重要件合格证', '个', '21', '257.14', '5399.94', '兰州车辆段及异地车间', null, null, '53F17BB11B4A007EE0537F000001007E', TO_DATE('2017-07-10 14:13:36', 'YYYY-MM-DD HH24:MI:SS'), '52D471DC2BD08084E0537F0000018084', '52D875033CA6B0FAE0537F000001B0FA');
INSERT INTO "GYSGLBJ"."E_QUOTE" VALUES ('37', '950900000032', '密接式钩支撑弹簧盒', 'MJGH-25T、MJGH-QZ', 'CRCC或重要件合格证', '个', '15', '948.21', '14223.15', '兰州车辆段及异地车间', null, null, '53F17BB11B4B007EE0537F000001007E', TO_DATE('2017-07-10 14:13:36', 'YYYY-MM-DD HH24:MI:SS'), '52D471DC2BD08084E0537F0000018084', '52D875033CA6B0FAE0537F000001B0FA');
INSERT INTO "GYSGLBJ"."E_QUOTE" VALUES ('38', '950900000043', '钩耳垫片', '42.5×52×2', 'CRCC或重要件合格证', '个', '300', '3.85', '1155', '兰州车辆段及异地车间', null, null, '53F17BB11B4C007EE0537F000001007E', TO_DATE('2017-07-10 14:13:36', 'YYYY-MM-DD HH24:MI:SS'), '52D471DC2BD08084E0537F0000018084', '52D875033CA6B0FAE0537F000001B0FA');
INSERT INTO "GYSGLBJ"."E_QUOTE" VALUES ('39', '950900000046', '钩头磨耗板', '215×145×12', 'CRCC或重要件合格证', '个', '605', '52.28', '31629.40', '兰州车辆段及异地车间', null, null, '53F17BB11B4D007EE0537F000001007E', TO_DATE('2017-07-10 14:13:36', 'YYYY-MM-DD HH24:MI:SS'), '52D471DC2BD08084E0537F0000018084', '52D875033CA6B0FAE0537F000001B0FA');
INSERT INTO "GYSGLBJ"."E_QUOTE" VALUES ('40', '950900000047', '钩头磨耗板', '215×145×10', 'CRCC或重要件合格证', '个', '275', '35.59', '9787.25', '兰州车辆段及异地车间', null, null, '53F17BB11B4E007EE0537F000001007E', TO_DATE('2017-07-10 14:13:36', 'YYYY-MM-DD HH24:MI:SS'), '52D471DC2BD08084E0537F0000018084', '52D875033CA6B0FAE0537F000001B0FA');
INSERT INTO "GYSGLBJ"."E_QUOTE" VALUES ('41', '950900000049', '钩头磨耗板', '215×145×8', 'CRCC或重要件合格证', '个', '15', '36.16', '542.40', '兰州车辆段及异地车间', null, null, '53F17BB11B4F007EE0537F000001007E', TO_DATE('2017-07-10 14:13:36', 'YYYY-MM-DD HH24:MI:SS'), '52D471DC2BD08084E0537F0000018084', '52D875033CA6B0FAE0537F000001B0FA');
INSERT INTO "GYSGLBJ"."E_QUOTE" VALUES ('42', '950900000056', '钩舌', '15CX 小间隙', 'CRCC或重要件合格证', '个', '14.7', '916.06', '13466.08', '兰州车辆段及异地车间', null, null, '53F17BB11B50007EE0537F000001007E', TO_DATE('2017-07-10 14:13:36', 'YYYY-MM-DD HH24:MI:SS'), '52D471DC2BD08084E0537F0000018084', '52D875033CA6B0FAE0537F000001B0FA');
INSERT INTO "GYSGLBJ"."E_QUOTE" VALUES ('43', '950900000068', '下锁销杆吊', '15C', 'CRCC或重要件合格证', '套', '21', '39.37', '826.77', '兰州车辆段及异地车间', null, null, '53F17BB11B51007EE0537F000001007E', TO_DATE('2017-07-10 14:13:36', 'YYYY-MM-DD HH24:MI:SS'), '52D471DC2BD08084E0537F0000018084', '52D875033CA6B0FAE0537F000001B0FA');
INSERT INTO "GYSGLBJ"."E_QUOTE" VALUES ('44', '950900000095', '锁铁', '二孔', 'CRCC或重要件合格证', '个', '149.8', '127.77', '19139.95', '兰州车辆段及异地车间', null, null, '53F17BB11B52007EE0537F000001007E', TO_DATE('2017-07-10 14:13:36', 'YYYY-MM-DD HH24:MI:SS'), '52D471DC2BD08084E0537F0000018084', '52D875033CA6B0FAE0537F000001B0FA');
INSERT INTO "GYSGLBJ"."E_QUOTE" VALUES ('45', '950900000131', '车钩提杆吊环座', '209 焊接', 'CRCC或重要件合格证', '个', '3', '112.50', '337.50', '兰州车辆段及异地车间', null, null, '53F17BB11B53007EE0537F000001007E', TO_DATE('2017-07-10 14:13:36', 'YYYY-MM-DD HH24:MI:SS'), '52D471DC2BD08084E0537F0000018084', '52D875033CA6B0FAE0537F000001B0FA');
INSERT INTO "GYSGLBJ"."E_QUOTE" VALUES ('46', '950900000145', '连接螺栓组合', 'SYST104 螺母、垫销 8.8级', 'CRCC或重要件合格证', '套', '91', '190.44', '17330.04', '兰州车辆段及异地车间', null, null, '53F17BB11B54007EE0537F000001007E', TO_DATE('2017-07-10 14:13:36', 'YYYY-MM-DD HH24:MI:SS'), '52D471DC2BD08084E0537F0000018084', '52D875033CA6B0FAE0537F000001B0FA');
INSERT INTO "GYSGLBJ"."E_QUOTE" VALUES ('47', '950900000168', '车钩提杆吊座组成', '15', 'CRCC或重要件合格证', '个', '35', '120.54', '4218.90', '兰州车辆段及异地车间', null, null, '53F17BB11B55007EE0537F000001007E', TO_DATE('2017-07-10 14:13:36', 'YYYY-MM-DD HH24:MI:SS'), '52D471DC2BD08084E0537F0000018084', '52D875033CA6B0FAE0537F000001B0FA');
INSERT INTO "GYSGLBJ"."E_QUOTE" VALUES ('48', '950900000186', '钩舌', '15C', 'CRCC或重要件合格证', '个', '495.6', '333.54', '165302.42', '兰州车辆段及异地车间', null, null, '53F17BB11B56007EE0537F000001007E', TO_DATE('2017-07-10 14:13:36', 'YYYY-MM-DD HH24:MI:SS'), '52D471DC2BD08084E0537F0000018084', '52D875033CA6B0FAE0537F000001B0FA');
INSERT INTO "GYSGLBJ"."E_QUOTE" VALUES ('49', '950900000221', '密接钩链', 'L=750mm 25T', 'CRCC或重要件合格证', '套', '35', '54.64', '1912.40', '兰州车辆段及异地车间', null, null, '53F17BB11B57007EE0537F000001007E', TO_DATE('2017-07-10 14:13:36', 'YYYY-MM-DD HH24:MI:SS'), '52D471DC2BD08084E0537F0000018084', '52D875033CA6B0FAE0537F000001B0FA');
INSERT INTO "GYSGLBJ"."E_QUOTE" VALUES ('50', '950900000291', '密接钩套Ⅰ', 'Φ105×Φ90×60', 'CRCC或重要件合格证', '个', '168', '188.83', '31723.44', '兰州车辆段及异地车间', null, null, '53F17BB11B58007EE0537F000001007E', TO_DATE('2017-07-10 14:13:36', 'YYYY-MM-DD HH24:MI:SS'), '52D471DC2BD08084E0537F0000018084', '52D875033CA6B0FAE0537F000001B0FA');
INSERT INTO "GYSGLBJ"."E_QUOTE" VALUES ('51', '950900000292', '密接钩套Ⅱ', 'Φ90×Φ70×66', 'CRCC或重要件合格证', '个', '218', '220.98', '48173.64', '兰州车辆段及异地车间', null, null, '53F17BB11B59007EE0537F000001007E', TO_DATE('2017-07-10 14:13:36', 'YYYY-MM-DD HH24:MI:SS'), '52D471DC2BD08084E0537F0000018084', '52D875033CA6B0FAE0537F000001B0FA');
INSERT INTO "GYSGLBJ"."E_QUOTE" VALUES ('52', '950900000295', '下锁销杆吊套', 'Φ20×36×2(壁厚)', 'CRCC或重要件合格证', '个', '1000', '47.89', '47890', '兰州车辆段及异地车间', null, null, '53F17BB11B5A007EE0537F000001007E', TO_DATE('2017-07-10 14:13:36', 'YYYY-MM-DD HH24:MI:SS'), '52D471DC2BD08084E0537F0000018084', '52D875033CA6B0FAE0537F000001B0FA');
INSERT INTO "GYSGLBJ"."E_QUOTE" VALUES ('53', '950900000302', '钩头磨耗板', '160mm×160mm×20mm×10mm', 'CRCC或重要件合格证', '块', '21', '47.41', '995.61', '兰州车辆段及异地车间', null, null, '53F17BB11B5B007EE0537F000001007E', TO_DATE('2017-07-10 14:13:36', 'YYYY-MM-DD HH24:MI:SS'), '52D471DC2BD08084E0537F0000018084', '52D875033CA6B0FAE0537F000001B0FA');
INSERT INTO "GYSGLBJ"."E_QUOTE" VALUES ('1', '950000000003', '车钩提杆', '15号', 'CRCC或重要件合格证', '根', '8.4', '103.46', '869.06', '兰州车辆段及异地车间', '104', '870', '53F17BB11B5C007EE0537F000001007E', TO_DATE('2017-07-10 14:13:44', 'YYYY-MM-DD HH24:MI:SS'), '52D471DC2BCF8084E0537F0000018084', '52D875033CA6B0FAE0537F000001B0FA');
INSERT INTO "GYSGLBJ"."E_QUOTE" VALUES ('2', '950000000005', '车钩提杆', '15号', 'CRCC或重要件合格证', '根', '14', '95.03', '1330.42', '兰州车辆段及异地车间', null, null, '53F17BB11B5D007EE0537F000001007E', TO_DATE('2017-07-10 14:13:44', 'YYYY-MM-DD HH24:MI:SS'), '52D471DC2BCF8084E0537F0000018084', '52D875033CA6B0FAE0537F000001B0FA');
INSERT INTO "GYSGLBJ"."E_QUOTE" VALUES ('3', '950000000014', '钩舌', '15号C', 'CRCC或重要件合格证', '个', '540', '477.68', '257947.20', '兰州车辆段及异地车间', null, null, '53F17BB11B5E007EE0537F000001007E', TO_DATE('2017-07-10 14:13:44', 'YYYY-MM-DD HH24:MI:SS'), '52D471DC2BCF8084E0537F0000018084', '52D875033CA6B0FAE0537F000001B0FA');
INSERT INTO "GYSGLBJ"."E_QUOTE" VALUES ('4', '950000000016', '钩舌推铁', '15号', 'CRCC或重要件合格证', '个', '300', '627.89', '188367', '兰州车辆段及异地车间', null, null, '53F17BB11B5F007EE0537F000001007E', TO_DATE('2017-07-10 14:13:44', 'YYYY-MM-DD HH24:MI:SS'), '52D471DC2BCF8084E0537F0000018084', '52D875033CA6B0FAE0537F000001B0FA');
INSERT INTO "GYSGLBJ"."E_QUOTE" VALUES ('5', '950000000017', '钩舌销', '15号', 'CRCC或重要件合格证', '个', '240', '61.07', '14656.80', '兰州车辆段及异地车间', null, null, '53F17BB11B60007EE0537F000001007E', TO_DATE('2017-07-10 14:13:44', 'YYYY-MM-DD HH24:MI:SS'), '52D471DC2BCF8084E0537F0000018084', '52D875033CA6B0FAE0537F000001B0FA');
INSERT INTO "GYSGLBJ"."E_QUOTE" VALUES ('6', '950000000021', '钩锁铁', '15号', 'CRCC或重要件合格证', '个', '33', '105.46', '3480.18', '兰州车辆段及异地车间', null, null, '53F17BB11B61007EE0537F000001007E', TO_DATE('2017-07-10 14:13:44', 'YYYY-MM-DD HH24:MI:SS'), '52D471DC2BCF8084E0537F0000018084', '52D875033CA6B0FAE0537F000001B0FA');
INSERT INTO "GYSGLBJ"."E_QUOTE" VALUES ('7', '950000000027', '密接式钩钩舌', 'MJGH-25T Φ140', 'CRCC或重要件合格证', '个', '21', '508.85', '10685.85', '兰州车辆段及异地车间', null, null, '53F17BB11B62007EE0537F000001007E', TO_DATE('2017-07-10 14:13:44', 'YYYY-MM-DD HH24:MI:SS'), '52D471DC2BCF8084E0537F0000018084', '52D875033CA6B0FAE0537F000001B0FA');
INSERT INTO "GYSGLBJ"."E_QUOTE" VALUES ('8', '950000000035', '密接式钩解钩风缸', 'MJGH-25T', 'CRCC或重要件合格证', '个', '15', '1523.77', '22856.55', '兰州车辆段及异地车间', null, null, '53F17BB11B63007EE0537F000001007E', TO_DATE('2017-07-10 14:13:44', 'YYYY-MM-DD HH24:MI:SS'), '52D471DC2BCF8084E0537F0000018084', '52D875033CA6B0FAE0537F000001B0FA');
INSERT INTO "GYSGLBJ"."E_QUOTE" VALUES ('9', '950000000042', '钩舌销螺母', 'M30', 'CRCC或重要件合格证', '个', '1510', '2.71', '4092.10', '兰州车辆段及异地车间', null, null, '53F17BB11B64007EE0537F000001007E', TO_DATE('2017-07-10 14:13:44', 'YYYY-MM-DD HH24:MI:SS'), '52D471DC2BCF8084E0537F0000018084', '52D875033CA6B0FAE0537F000001B0FA');
INSERT INTO "GYSGLBJ"."E_QUOTE" VALUES ('10', '950000000045', '钩舌', '15号', 'CRCC或重要件合格证', '套', '24', '932.22', '22373.28', '兰州车辆段及异地车间', null, null, '53F17BB11B65007EE0537F000001007E', TO_DATE('2017-07-10 14:13:44', 'YYYY-MM-DD HH24:MI:SS'), '52D471DC2BCF8084E0537F0000018084', '52D875033CA6B0FAE0537F000001B0FA');
INSERT INTO "GYSGLBJ"."E_QUOTE" VALUES ('11', '950000000049', '钩锁铁', '15号C', 'CRCC或重要件合格证', '个', '300', '124.46', '37338', '兰州车辆段及异地车间', null, null, '53F17BB11B66007EE0537F000001007E', TO_DATE('2017-07-10 14:13:44', 'YYYY-MM-DD HH24:MI:SS'), '52D471DC2BCF8084E0537F0000018084', '52D875033CA6B0FAE0537F000001B0FA');
INSERT INTO "GYSGLBJ"."E_QUOTE" VALUES ('12', '950000000057', '下锁销', '15C', 'CRCC或重要件合格证', '无', '70', '180.03', '12602.10', '兰州车辆段及异地车间', null, null, '53F17BB11B67007EE0537F000001007E', TO_DATE('2017-07-10 14:13:44', 'YYYY-MM-DD HH24:MI:SS'), '52D471DC2BCF8084E0537F0000018084', '52D875033CA6B0FAE0537F000001B0FA');
INSERT INTO "GYSGLBJ"."E_QUOTE" VALUES ('13', '950000000059', '小间隙钩舌', '15号 小间隙', 'CRCC或重要件合格证', '个', '14', '823.88', '11534.32', '兰州车辆段及异地车间', null, null, '53F17BB11B68007EE0537F000001007E', TO_DATE('2017-07-10 14:13:44', 'YYYY-MM-DD HH24:MI:SS'), '52D471DC2BCF8084E0537F0000018084', '52D875033CA6B0FAE0537F000001B0FA');
INSERT INTO "GYSGLBJ"."E_QUOTE" VALUES ('14', '950000000071', '解钩手柄', '25T 密接式车钩', 'CRCC或重要件合格证', '套', '1.4', '241.07', '337.50', '兰州车辆段及异地车间', null, null, '53F17BB11B69007EE0537F000001007E', TO_DATE('2017-07-10 14:13:44', 'YYYY-MM-DD HH24:MI:SS'), '52D471DC2BCF8084E0537F0000018084', '52D875033CA6B0FAE0537F000001B0FA');
INSERT INTO "GYSGLBJ"."E_QUOTE" VALUES ('15', '950000000073', '钩舌圆销', '托梁车钩', 'CRCC或重要件合格证', '根', '3', '88.39', '265.17', '兰州车辆段及异地车间', null, null, '53F17BB11B6A007EE0537F000001007E', TO_DATE('2017-07-10 14:13:44', 'YYYY-MM-DD HH24:MI:SS'), '52D471DC2BCF8084E0537F0000018084', '52D875033CA6B0FAE0537F000001B0FA');
INSERT INTO "GYSGLBJ"."E_QUOTE" VALUES ('16', '950000000084', '小间隙车钩', '15CX', 'CRCC或重要件合格证', '个', '13.3', '3672.29', '48841.46', '兰州车辆段及异地车间', null, null, '53F17BB11B6B007EE0537F000001007E', TO_DATE('2017-07-10 14:13:44', 'YYYY-MM-DD HH24:MI:SS'), '52D471DC2BCF8084E0537F0000018084', '52D875033CA6B0FAE0537F000001B0FA');
INSERT INTO "GYSGLBJ"."E_QUOTE" VALUES ('17', '950000000091', '过渡车钩', '15C', 'CRCC或重要件合格证', '个', '2.4', '7151.73', '17164.15', '兰州车辆段及异地车间', null, null, '53F17BB11B6C007EE0537F000001007E', TO_DATE('2017-07-10 14:13:44', 'YYYY-MM-DD HH24:MI:SS'), '52D471DC2BCF8084E0537F0000018084', '52D875033CA6B0FAE0537F000001B0FA');
INSERT INTO "GYSGLBJ"."E_QUOTE" VALUES ('1', '945000260007 ', '油过滤器', 'KNORR C100495', '/', '件', '10', '470.09', '4700.90', '各机务段及异地车间', '470.09', '4700.90', '6B615D1B629C403FBCDA5BFFCBF604E5', TO_DATE('2017-07-20 17:37:44', 'YYYY-MM-DD HH24:MI:SS'), null, null);
INSERT INTO "GYSGLBJ"."E_QUOTE" VALUES ('0', '0', '0', '0', '0', '0', '0', '0', '0', '0', '0', '0', '314F9F0F08114C64BDBF99AB6B1A41D3', TO_DATE('2017-07-21 08:41:57', 'YYYY-MM-DD HH24:MI:SS'), null, null);
INSERT INTO "GYSGLBJ"."E_QUOTE" VALUES ('0', '0', '0', '0', '0', '0', '0', '0', '0', '0', '0', '0', '13F151F1A4AD401A9CF5450D9E89D5BD', TO_DATE('2017-07-21 08:42:25', 'YYYY-MM-DD HH24:MI:SS'), null, null);
INSERT INTO "GYSGLBJ"."E_QUOTE" VALUES ('1', '234546', '电脑', '一体机', '1*1Tdisk', '台', '4', '4000', '16000', '物资处', '3899', '15596', 'DA673B263E1F433FAD0BD78FD30CB21A', TO_DATE('2017-08-01 15:14:40', 'YYYY-MM-DD HH24:MI:SS'), '52D471DC2BD08084E0537F0000018084', '535FF50BE40D00DCE0537F00000100DC');
INSERT INTO "GYSGLBJ"."E_QUOTE" VALUES ('2', '124', '123', '123', '13', '123', '1', '123.12', '123.52', 'dfd ', null, null, '1B13911E59644FB8B0B08166126A6FBE', TO_DATE('2017-08-01 16:28:40', 'YYYY-MM-DD HH24:MI:SS'), '53B76872C65E1090E0537F0000011090', 'CD889D32429A4B3E9741B165C60A5E61');
INSERT INTO "GYSGLBJ"."E_QUOTE" VALUES ('1', '5604', ' 要', '45564', '455', '89017', '817', '0', '0', '0', '0', '0', 'D36C03AA35654E4FAEFB670367FFD486', TO_DATE('2017-07-27 15:39:47', 'YYYY-MM-DD HH24:MI:SS'), null, null);
INSERT INTO "GYSGLBJ"."E_QUOTE" VALUES ('11', '111111111', '钩锁', '222222222', '无', '个', '22', '0', '0', '兰州', '0', '0', '89ECC4A61B8E451CA3B2048D34885545', TO_DATE('2017-07-27 15:46:47', 'YYYY-MM-DD HH24:MI:SS'), null, null);
INSERT INTO "GYSGLBJ"."E_QUOTE" VALUES ('1', '1', '1', '11', '1', '1', '1', '1', '1', '1', '1', '1', '7315198FF4924432923C1F04012E0DBC', TO_DATE('2017-07-27 16:01:33', 'YYYY-MM-DD HH24:MI:SS'), null, null);
INSERT INTO "GYSGLBJ"."E_QUOTE" VALUES ('211', '11', '111', '11', '11', '11', '111', '11', '11', '11', '11', '11', '6514B34CC6E247868DFB2B606327AFA9', TO_DATE('2017-07-27 15:41:54', 'YYYY-MM-DD HH24:MI:SS'), null, null);
INSERT INTO "GYSGLBJ"."E_QUOTE" VALUES ('11', '11', '11', '11', '11', '11', '11', '11', '11', '11', '11', '11', 'A96F2B094897477EB0277443D6A5A2F6', TO_DATE('2017-07-27 15:43:02', 'YYYY-MM-DD HH24:MI:SS'), null, null);
INSERT INTO "GYSGLBJ"."E_QUOTE" VALUES ('32', '950900000000', '摆块', '15号', 'CRCC或重要件合格证', '个', '51', '388.12', '19794.12', '兰州车辆段及异地车间', null, null, '53F17BB11B46007EE0537F000001007E', TO_DATE('2017-07-10 14:13:36', 'YYYY-MM-DD HH24:MI:SS'), '52D471DC2BD08084E0537F0000018084', '52D875033CA6B0FAE0537F000001B0FA');
INSERT INTO "GYSGLBJ"."E_QUOTE" VALUES ('33', '950900000001', '摆块吊', '15号', 'CRCC或重要件合格证', '个', '236', '84.97', '20052.92', '兰州车辆段及异地车间', null, null, '53F17BB11B47007EE0537F000001007E', TO_DATE('2017-07-10 14:13:36', 'YYYY-MM-DD HH24:MI:SS'), '52D471DC2BD08084E0537F0000018084', '52D875033CA6B0FAE0537F000001B0FA');
INSERT INTO "GYSGLBJ"."E_QUOTE" VALUES ('34', '950900000008', '密接式钩安装螺栓及螺母', 'MJGH-25T M38 L=105mm', 'CRCC或重要件合格证', '套', '78', '278.84', '21749.52', '兰州车辆段及异地车间', null, null, '53F17BB11B48007EE0537F000001007E', TO_DATE('2017-07-10 14:13:36', 'YYYY-MM-DD HH24:MI:SS'), '52D471DC2BD08084E0537F0000018084', '52D875033CA6B0FAE0537F000001B0FA');
INSERT INTO "GYSGLBJ"."E_QUOTE" VALUES ('35', '950900000010', '密接式钩安装座', 'MJGH-25T', 'CRCC或重要件合格证', '个', '6', '3374.97', '20249.82', '兰州车辆段及异地车间', null, null, '53F17BB11B49007EE0537F000001007E', TO_DATE('2017-07-10 14:13:36', 'YYYY-MM-DD HH24:MI:SS'), '52D471DC2BD08084E0537F0000018084', '52D875033CA6B0FAE0537F000001B0FA');
INSERT INTO "GYSGLBJ"."E_QUOTE" VALUES ('1', '667009', '0', '0', '0', '0', '0', '0', '0', '0', '3', '8', '1A02C9E7D7A74046A71378291B6EC9C4', TO_DATE('2017-07-21 16:22:42', 'YYYY-MM-DD HH24:MI:SS'), null, null);
INSERT INTO "GYSGLBJ"."E_QUOTE" VALUES ('12', '12314', 'ces', 's34', 'sdfs', 'sfs', '6', '23234', '234.99', null, null, null, '5B716342F35D4262B0B116A76591C7CF', TO_DATE('2017-08-02 18:29:24', 'YYYY-MM-DD HH24:MI:SS'), '52D471DC2BD08084E0537F0000018084', 'CD889D32429A4B3E9741B165C60A5E61');

-- ----------------------------
-- Table structure for E_SUPPLIER
-- ----------------------------
DROP TABLE "GYSGLBJ"."E_SUPPLIER";
CREATE TABLE "GYSGLBJ"."E_SUPPLIER" (
"GYSBH" VARCHAR2(255 BYTE) NULL ,
"SHXYDM" VARCHAR2(255 BYTE) NULL ,
"YYZZZCH" VARCHAR2(255 BYTE) NULL ,
"QYMC" VARCHAR2(255 BYTE) NULL ,
"FDDBR" VARCHAR2(255 BYTE) NULL ,
"FDDBRDH" VARCHAR2(255 BYTE) NULL ,
"SSS" VARCHAR2(255 BYTE) NULL ,
"SSS1" VARCHAR2(255 BYTE) NULL ,
"ZS" VARCHAR2(255 BYTE) NULL ,
"ZCZB" VARCHAR2(255 BYTE) NULL ,
"CLRQ" VARCHAR2(255 BYTE) NULL ,
"YYQX" VARCHAR2(255 BYTE) NULL ,
"QYLX" VARCHAR2(255 BYTE) NULL ,
"ZZJGDM" VARCHAR2(255 BYTE) NULL ,
"SWDJH" VARCHAR2(255 BYTE) NULL ,
"YXQ" VARCHAR2(255 BYTE) NULL ,
"YWLXR" VARCHAR2(255 BYTE) NULL ,
"LXRSJ" VARCHAR2(255 BYTE) NULL ,
"BGCZ" VARCHAR2(255 BYTE) NULL ,
"BGDH" VARCHAR2(255 BYTE) NULL ,
"LXRYX" VARCHAR2(255 BYTE) NULL ,
"LXRZW" VARCHAR2(255 BYTE) NULL ,
"BGDZ" VARCHAR2(255 BYTE) NULL ,
"ZZZS" VARCHAR2(255 BYTE) NULL ,
"BLGYSCFZQ" VARCHAR2(255 BYTE) NULL ,
"HMD" VARCHAR2(255 BYTE) DEFAULT '否'  NULL ,
"BLGYSXYPJDJ" VARCHAR2(255 BYTE) NULL ,
"GYSJYFW" VARCHAR2(255 BYTE) NULL ,
"ID" VARCHAR2(50 BYTE) DEFAULT sys_guid()  NOT NULL ,
"ENTRY_TIME" DATE DEFAULT sysdate  NULL ,
"CERTIFICATE_ID" VARCHAR2(50 BYTE) NULL 
)
LOGGING
NOCOMPRESS
NOCACHE

;
COMMENT ON TABLE "GYSGLBJ"."E_SUPPLIER" IS '供应商表';
COMMENT ON COLUMN "GYSGLBJ"."E_SUPPLIER"."GYSBH" IS '供应商编号';
COMMENT ON COLUMN "GYSGLBJ"."E_SUPPLIER"."SHXYDM" IS '社会信用代码';
COMMENT ON COLUMN "GYSGLBJ"."E_SUPPLIER"."YYZZZCH" IS '营业执照注册号';
COMMENT ON COLUMN "GYSGLBJ"."E_SUPPLIER"."QYMC" IS '企业名称';
COMMENT ON COLUMN "GYSGLBJ"."E_SUPPLIER"."FDDBR" IS '法定代表人';
COMMENT ON COLUMN "GYSGLBJ"."E_SUPPLIER"."FDDBRDH" IS '法定代表人电话';
COMMENT ON COLUMN "GYSGLBJ"."E_SUPPLIER"."SSS" IS '所属省';
COMMENT ON COLUMN "GYSGLBJ"."E_SUPPLIER"."SSS1" IS '所属市';
COMMENT ON COLUMN "GYSGLBJ"."E_SUPPLIER"."ZS" IS '住所';
COMMENT ON COLUMN "GYSGLBJ"."E_SUPPLIER"."ZCZB" IS '注册资本';
COMMENT ON COLUMN "GYSGLBJ"."E_SUPPLIER"."CLRQ" IS '成立日期';
COMMENT ON COLUMN "GYSGLBJ"."E_SUPPLIER"."YYQX" IS '营业期限';
COMMENT ON COLUMN "GYSGLBJ"."E_SUPPLIER"."QYLX" IS '企业类型';
COMMENT ON COLUMN "GYSGLBJ"."E_SUPPLIER"."ZZJGDM" IS '组织机构代码';
COMMENT ON COLUMN "GYSGLBJ"."E_SUPPLIER"."SWDJH" IS '税务登记号';
COMMENT ON COLUMN "GYSGLBJ"."E_SUPPLIER"."YXQ" IS '有效期';
COMMENT ON COLUMN "GYSGLBJ"."E_SUPPLIER"."YWLXR" IS '业务联系人';
COMMENT ON COLUMN "GYSGLBJ"."E_SUPPLIER"."LXRSJ" IS '联系人手机';
COMMENT ON COLUMN "GYSGLBJ"."E_SUPPLIER"."BGCZ" IS '办公传真';
COMMENT ON COLUMN "GYSGLBJ"."E_SUPPLIER"."BGDH" IS '办公电话';
COMMENT ON COLUMN "GYSGLBJ"."E_SUPPLIER"."LXRYX" IS '联系人邮箱';
COMMENT ON COLUMN "GYSGLBJ"."E_SUPPLIER"."LXRZW" IS '联系人职务';
COMMENT ON COLUMN "GYSGLBJ"."E_SUPPLIER"."BGDZ" IS '办公地址';
COMMENT ON COLUMN "GYSGLBJ"."E_SUPPLIER"."ZZZS" IS '资质证书';
COMMENT ON COLUMN "GYSGLBJ"."E_SUPPLIER"."BLGYSCFZQ" IS '不良供应商处罚周期';
COMMENT ON COLUMN "GYSGLBJ"."E_SUPPLIER"."HMD" IS '黑名单';
COMMENT ON COLUMN "GYSGLBJ"."E_SUPPLIER"."BLGYSXYPJDJ" IS '不良供应商信用评价等级';
COMMENT ON COLUMN "GYSGLBJ"."E_SUPPLIER"."GYSJYFW" IS '供应商经营范围';
COMMENT ON COLUMN "GYSGLBJ"."E_SUPPLIER"."ID" IS 'ID';
COMMENT ON COLUMN "GYSGLBJ"."E_SUPPLIER"."ENTRY_TIME" IS '录入时间';
COMMENT ON COLUMN "GYSGLBJ"."E_SUPPLIER"."CERTIFICATE_ID" IS '资质证书ID';

-- ----------------------------
-- Records of E_SUPPLIER
-- ----------------------------
INSERT INTO "GYSGLBJ"."E_SUPPLIER" VALUES ('GD002', '911309267886685076', '23456', '沧州大唐铁路工程有限公司', '李红艳', '1899999999', '河北省', '沧州市', '肃宁县纬北东路南侧', '6020万元', '2017-06-14', '3年', '有限责任（公司）', '78866850-7', '130926788668507', '2018-05-20', '刘天浩', '13643371188', null, null, '583313542@qq.com', null, null, null, null, '否', null, null, '52D471DC2BD08084E0537F0000018084', TO_DATE('2017-06-26 10:09:45', 'YYYY-MM-DD HH24:MI:SS'), null);
INSERT INTO "GYSGLBJ"."E_SUPPLIER" VALUES ('GD001', '12314123413123', '110108015629782', '北京中丹联拓电气有限公司', '李耀忠', '1899999999', '北京市', '北京市市辖区', '北京市海淀区北三环西路48号2号楼9层10D', '5000万元', '2017-06-23', '5年', '有限责任（公司）', '06280779-0', '110108062807790', '2019-01-28', '吴汉桥', '18201082211', '010-51726589', '010-52907390', '250749095@qq.com', null, '北京市海淀区北三环西路48号2号楼10D', null, null, '否', null, null, '52D471DC2BCF8084E0537F0000018084', TO_DATE('2017-06-26 10:09:45', 'YYYY-MM-DD HH24:MI:SS'), null);
INSERT INTO "GYSGLBJ"."E_SUPPLIER" VALUES ('GD003', '911309267886685078', '510105000081484', '成都星科创光电子技术有限公司', '于秋鹤', '1899999999', '四川省', '成都市', '成都市青羊区大安东路61号太升大厦6楼C座', '1010万元', '2017-07-12', '2年', '其它有限责任（公司）', '73020724-9', '510105730207249', '2017-03-25', '于海东', '18708156669', '028-86921059', '028-86921059', 'server@cdxkc.com', '科员3', '北京市海淀区北三环西路48号2号楼12D', null, null, '否', 'A', '钢铁', '53B76872C65E1090E0537F0000011090', TO_DATE('2017-07-07 16:59:00', 'YYYY-MM-DD HH24:MI:SS'), null);
INSERT INTO "GYSGLBJ"."E_SUPPLIER" VALUES ('JCD001', '91110108782505416Y', '0', '北京国力时代科技有限公司', '张静', null, '北京市', '北京市市辖区', '北京市海淀区玉渊潭南路17号A座311室', '2500万元', '2005-11-21', '20251120', '有限责任（公司）', '78250541-6', '110108782505416', '2018-6-20', '陈泽妍', null, null, null, null, null, null, null, '2017-12-33', '是', 'D', null, 'CE5A7FD786864E24AFDA86759BAFCCAB', TO_DATE('2017-07-24 10:49:11', 'YYYY-MM-DD HH24:MI:SS'), null);

-- ----------------------------
-- Table structure for E_SUPPLIER_CERTIFICATE
-- ----------------------------
DROP TABLE "GYSGLBJ"."E_SUPPLIER_CERTIFICATE";
CREATE TABLE "GYSGLBJ"."E_SUPPLIER_CERTIFICATE" (
"SUPPLIER_ID" VARCHAR2(50 BYTE) NULL ,
"CERTIFICATE_ID" VARCHAR2(50 BYTE) NULL 
)
LOGGING
NOCOMPRESS
NOCACHE

;
COMMENT ON TABLE "GYSGLBJ"."E_SUPPLIER_CERTIFICATE" IS '中间表';

-- ----------------------------
-- Records of E_SUPPLIER_CERTIFICATE
-- ----------------------------

-- ----------------------------
-- View structure for VIEW_DIC_USER
-- ----------------------------
CREATE OR REPLACE FORCE VIEW "GYSGLBJ"."VIEW_DIC_USER" AS 
select r.role_name, t.ID, t.USER_NAME,t.passwd, t.USER_CODE, t.OFFICE_ID, t.UNIT_ID, t.ROLE_ID, t.REMARK, t.entry_time, t.PARENT_ID from DIC_USER t left join dic_role r on t.role_id = r.id;

-- ----------------------------
-- View structure for VIEW_QUOTE
-- ----------------------------
CREATE OR REPLACE FORCE VIEW "GYSGLBJ"."VIEW_QUOTE" AS 
SELECT
GYSGLBJ.E_QUOTE.BJH,
GYSGLBJ.E_QUOTE.WZBM,
GYSGLBJ.E_QUOTE.WZMC,
GYSGLBJ.E_QUOTE.GGXH,
GYSGLBJ.E_QUOTE.JSYQ,
GYSGLBJ.E_QUOTE.JLDW,
GYSGLBJ.E_QUOTE.YCSL,
GYSGLBJ.E_QUOTE.DJXJ_BHS,
GYSGLBJ.E_QUOTE.ZXJ_BHS,
GYSGLBJ.E_QUOTE.SYDWJDQ,
GYSGLBJ.E_QUOTE.CSBDJ_BHS,
GYSGLBJ.E_QUOTE.CSBZXJ_BHS,
GYSGLBJ.E_QUOTE.ID,
GYSGLBJ.E_QUOTE.ENTRY_TIME,
GYSGLBJ.E_QUOTE.SUPPLIER_ID,
GYSGLBJ.E_QUOTE.PROJECT_ID,
GYSGLBJ.E_SUPPLIER.QYMC,
GYSGLBJ.E_SUPPLIER.GYSBH
FROM
GYSGLBJ.E_QUOTE
LEFT JOIN GYSGLBJ.E_SUPPLIER ON GYSGLBJ.E_QUOTE.SUPPLIER_ID = GYSGLBJ.E_SUPPLIER.ID;

-- ----------------------------
-- Sequence structure for DIC_POPEDOM_XH
-- ----------------------------
DROP SEQUENCE "GYSGLBJ"."DIC_POPEDOM_XH";
CREATE SEQUENCE "GYSGLBJ"."DIC_POPEDOM_XH"
 INCREMENT BY 1
 MINVALUE 1
 MAXVALUE 999999999999999999999999999
 START WITH 415
 CACHE 20;

-- ----------------------------
-- Indexes structure for table DIC_POPEDOM
-- ----------------------------

-- ----------------------------
-- Triggers structure for table DIC_POPEDOM
-- ----------------------------
CREATE OR REPLACE TRIGGER "GYSGLBJ"."DIC_POPEDOM_XH_TRIGGER" BEFORE INSERT ON "GYSGLBJ"."DIC_POPEDOM" REFERENCING OLD AS "OLD" NEW AS "NEW" FOR EACH ROW ENABLE WHEN (new.XH is null)
begin
  select DIC_POPEDOM_XH.nextval into :new.XH from sys.dual;
end dic_popedom_xh_trigger;
-- ----------------------------
-- Checks structure for table DIC_POPEDOM
-- ----------------------------
ALTER TABLE "GYSGLBJ"."DIC_POPEDOM" ADD CHECK ("ID" IS NOT NULL);
ALTER TABLE "GYSGLBJ"."DIC_POPEDOM" ADD CHECK ("ID" IS NOT NULL);
ALTER TABLE "GYSGLBJ"."DIC_POPEDOM" ADD CHECK ("ID" IS NOT NULL);

-- ----------------------------
-- Primary Key structure for table DIC_POPEDOM
-- ----------------------------
ALTER TABLE "GYSGLBJ"."DIC_POPEDOM" ADD PRIMARY KEY ("ID");

-- ----------------------------
-- Indexes structure for table DIC_ROLE
-- ----------------------------

-- ----------------------------
-- Checks structure for table DIC_ROLE
-- ----------------------------
ALTER TABLE "GYSGLBJ"."DIC_ROLE" ADD CHECK ("ID" IS NOT NULL);
ALTER TABLE "GYSGLBJ"."DIC_ROLE" ADD CHECK ("ID" IS NOT NULL);
ALTER TABLE "GYSGLBJ"."DIC_ROLE" ADD CHECK ("ID" IS NOT NULL);

-- ----------------------------
-- Primary Key structure for table DIC_ROLE
-- ----------------------------
ALTER TABLE "GYSGLBJ"."DIC_ROLE" ADD PRIMARY KEY ("ID");

-- ----------------------------
-- Indexes structure for table DIC_ROLE_POPEDOM
-- ----------------------------

-- ----------------------------
-- Checks structure for table DIC_ROLE_POPEDOM
-- ----------------------------
ALTER TABLE "GYSGLBJ"."DIC_ROLE_POPEDOM" ADD CHECK ("ID" IS NOT NULL);
ALTER TABLE "GYSGLBJ"."DIC_ROLE_POPEDOM" ADD CHECK ("ID" IS NOT NULL);

-- ----------------------------
-- Primary Key structure for table DIC_ROLE_POPEDOM
-- ----------------------------
ALTER TABLE "GYSGLBJ"."DIC_ROLE_POPEDOM" ADD PRIMARY KEY ("ID");

-- ----------------------------
-- Indexes structure for table DIC_USER
-- ----------------------------

-- ----------------------------
-- Checks structure for table DIC_USER
-- ----------------------------
ALTER TABLE "GYSGLBJ"."DIC_USER" ADD CHECK ("ID" IS NOT NULL);
ALTER TABLE "GYSGLBJ"."DIC_USER" ADD CHECK ("ID" IS NOT NULL);

-- ----------------------------
-- Primary Key structure for table DIC_USER
-- ----------------------------
ALTER TABLE "GYSGLBJ"."DIC_USER" ADD PRIMARY KEY ("ID");

-- ----------------------------
-- Indexes structure for table E_CERTIFICATE
-- ----------------------------

-- ----------------------------
-- Checks structure for table E_CERTIFICATE
-- ----------------------------
ALTER TABLE "GYSGLBJ"."E_CERTIFICATE" ADD CHECK ("ID" IS NOT NULL);

-- ----------------------------
-- Primary Key structure for table E_CERTIFICATE
-- ----------------------------
ALTER TABLE "GYSGLBJ"."E_CERTIFICATE" ADD PRIMARY KEY ("ID");

-- ----------------------------
-- Indexes structure for table E_PROJECT
-- ----------------------------

-- ----------------------------
-- Checks structure for table E_PROJECT
-- ----------------------------
ALTER TABLE "GYSGLBJ"."E_PROJECT" ADD CHECK ("ID" IS NOT NULL);

-- ----------------------------
-- Primary Key structure for table E_PROJECT
-- ----------------------------
ALTER TABLE "GYSGLBJ"."E_PROJECT" ADD PRIMARY KEY ("ID");

-- ----------------------------
-- Indexes structure for table E_QUOTE
-- ----------------------------

-- ----------------------------
-- Checks structure for table E_QUOTE
-- ----------------------------
ALTER TABLE "GYSGLBJ"."E_QUOTE" ADD CHECK ("ID" IS NOT NULL);
ALTER TABLE "GYSGLBJ"."E_QUOTE" ADD CHECK ("ID" IS NOT NULL);

-- ----------------------------
-- Primary Key structure for table E_QUOTE
-- ----------------------------
ALTER TABLE "GYSGLBJ"."E_QUOTE" ADD PRIMARY KEY ("ID");

-- ----------------------------
-- Indexes structure for table E_SUPPLIER
-- ----------------------------

-- ----------------------------
-- Checks structure for table E_SUPPLIER
-- ----------------------------
ALTER TABLE "GYSGLBJ"."E_SUPPLIER" ADD CHECK ("ID" IS NOT NULL);
ALTER TABLE "GYSGLBJ"."E_SUPPLIER" ADD CHECK ("ID" IS NOT NULL);

-- ----------------------------
-- Primary Key structure for table E_SUPPLIER
-- ----------------------------
ALTER TABLE "GYSGLBJ"."E_SUPPLIER" ADD PRIMARY KEY ("ID");

-- ----------------------------
-- Foreign Key structure for table "GYSGLBJ"."DIC_ROLE_POPEDOM"
-- ----------------------------
ALTER TABLE "GYSGLBJ"."DIC_ROLE_POPEDOM" ADD FOREIGN KEY ("POPEDOM_ID") REFERENCES "GYSGLBJ"."DIC_POPEDOM" ("ID") ON DELETE CASCADE;
ALTER TABLE "GYSGLBJ"."DIC_ROLE_POPEDOM" ADD FOREIGN KEY ("ROLE_ID") REFERENCES "GYSGLBJ"."DIC_ROLE" ("ID") ON DELETE CASCADE;

-- ----------------------------
-- Foreign Key structure for table "GYSGLBJ"."DIC_USER"
-- ----------------------------
ALTER TABLE "GYSGLBJ"."DIC_USER" ADD FOREIGN KEY ("ROLE_ID") REFERENCES "GYSGLBJ"."DIC_ROLE" ("ID") ON DELETE SET NULL;

-- ----------------------------
-- Foreign Key structure for table "GYSGLBJ"."E_CERTIFICATE"
-- ----------------------------
ALTER TABLE "GYSGLBJ"."E_CERTIFICATE" ADD FOREIGN KEY ("SUPPLIER_ID") REFERENCES "GYSGLBJ"."E_SUPPLIER" ("ID") ON DELETE CASCADE;

-- ----------------------------
-- Foreign Key structure for table "GYSGLBJ"."E_QUOTE"
-- ----------------------------
ALTER TABLE "GYSGLBJ"."E_QUOTE" ADD FOREIGN KEY ("PROJECT_ID") REFERENCES "GYSGLBJ"."E_PROJECT" ("ID") ON DELETE CASCADE;
ALTER TABLE "GYSGLBJ"."E_QUOTE" ADD FOREIGN KEY ("SUPPLIER_ID") REFERENCES "GYSGLBJ"."E_SUPPLIER" ("ID");

-- ----------------------------
-- Foreign Key structure for table "GYSGLBJ"."E_SUPPLIER_CERTIFICATE"
-- ----------------------------
ALTER TABLE "GYSGLBJ"."E_SUPPLIER_CERTIFICATE" ADD FOREIGN KEY ("CERTIFICATE_ID") REFERENCES "GYSGLBJ"."E_CERTIFICATE" ("ID") ON DELETE CASCADE;
ALTER TABLE "GYSGLBJ"."E_SUPPLIER_CERTIFICATE" ADD FOREIGN KEY ("SUPPLIER_ID") REFERENCES "GYSGLBJ"."E_SUPPLIER" ("ID") ON DELETE CASCADE;
