/*
Navicat Oracle Data Transfer
Oracle Client Version : 11.2.0.4.0

Source Server         : gysglbj
Source Server Version : 90200
Source Host           : 10.106.2.223:1521
Source Schema         : GYSGLBJ

Target Server Type    : ORACLE
Target Server Version : 90200
File Encoding         : 65001

Date: 2017-06-30 11:13:48
*/


-- ----------------------------
-- Table structure for DIC_POPEDOM
-- ----------------------------
DROP TABLE "GYSGLBJ"."DIC_POPEDOM";
CREATE TABLE "GYSGLBJ"."DIC_POPEDOM" (
"ID" VARCHAR2(50 BYTE) DEFAULT sys_guid()  NOT NULL ,
"POPEDOM_NAME" VARCHAR2(50 BYTE) NULL ,
"FORWARD_ACTION" VARCHAR2(100 BYTE) NULL ,
"POPEDOM_TYPE" VARCHAR2(50 BYTE) NULL ,
"XH" NUMBER(4) NULL ,
"REMARK" VARCHAR2(50 BYTE) NULL ,
"FIELD1" NUMBER NULL ,
"FIELD2" VARCHAR2(200 BYTE) NULL ,
"PARENT_ID" VARCHAR2(50 BYTE) DEFAULT 0  NULL ,
"TARGET" VARCHAR2(50 BYTE) DEFAULT null  NULL ,
"NAV_ICON" VARCHAR2(300 BYTE) DEFAULT null  NULL ,
"NAV_ICON_WIDTH" VARCHAR2(3 BYTE) DEFAULT null  NULL ,
"NAV_ICON_HEIGHT" VARCHAR2(3 BYTE) DEFAULT null  NULL ,
"IS_MENU" NUMBER(1) DEFAULT 2  NULL 
)
LOGGING
NOCOMPRESS
NOCACHE

;
COMMENT ON TABLE "GYSGLBJ"."DIC_POPEDOM" IS '权限表';
COMMENT ON COLUMN "GYSGLBJ"."DIC_POPEDOM"."ID" IS '主键';
COMMENT ON COLUMN "GYSGLBJ"."DIC_POPEDOM"."POPEDOM_NAME" IS '名称';
COMMENT ON COLUMN "GYSGLBJ"."DIC_POPEDOM"."FORWARD_ACTION" IS 'URL';
COMMENT ON COLUMN "GYSGLBJ"."DIC_POPEDOM"."POPEDOM_TYPE" IS '权限类型,关联DIC_POPEDOM_TYPE';
COMMENT ON COLUMN "GYSGLBJ"."DIC_POPEDOM"."XH" IS '序号';
COMMENT ON COLUMN "GYSGLBJ"."DIC_POPEDOM"."REMARK" IS '备注';
COMMENT ON COLUMN "GYSGLBJ"."DIC_POPEDOM"."FIELD1" IS '预留字段1';
COMMENT ON COLUMN "GYSGLBJ"."DIC_POPEDOM"."FIELD2" IS '预留字段2';
COMMENT ON COLUMN "GYSGLBJ"."DIC_POPEDOM"."PARENT_ID" IS '父级ID';
COMMENT ON COLUMN "GYSGLBJ"."DIC_POPEDOM"."TARGET" IS '目标iframe容器id';
COMMENT ON COLUMN "GYSGLBJ"."DIC_POPEDOM"."NAV_ICON" IS '图标路径';
COMMENT ON COLUMN "GYSGLBJ"."DIC_POPEDOM"."NAV_ICON_WIDTH" IS '图标显示宽度';
COMMENT ON COLUMN "GYSGLBJ"."DIC_POPEDOM"."NAV_ICON_HEIGHT" IS '图标显示高度';
COMMENT ON COLUMN "GYSGLBJ"."DIC_POPEDOM"."IS_MENU" IS '是否是菜单 1 是 2 否';

-- ----------------------------
-- Records of DIC_POPEDOM
-- ----------------------------
INSERT INTO "GYSGLBJ"."DIC_POPEDOM" VALUES ('4F3A7FB1C2E3A080E0537F000001A080', '主要权限配置', null, null, '23', null, null, null, '0', null, null, null, null, '2');
INSERT INTO "GYSGLBJ"."DIC_POPEDOM" VALUES ('4F3A7FB1C2E4A080E0537F000001A080', '主页', '/', null, '24', null, null, null, '4F3A7FB1C2E3A080E0537F000001A080', null, null, null, null, '2');
INSERT INTO "GYSGLBJ"."DIC_POPEDOM" VALUES ('4E85D7240102B0C0E0537F000001B0C0', '系统管理', null, null, '4', null, null, null, '0', null, null, null, null, '1');
INSERT INTO "GYSGLBJ"."DIC_POPEDOM" VALUES ('4F3A7FB1C2E5A080E0537F000001A080', '左侧菜单页面', '/left', null, '25', null, null, null, '4F3A7FB1C2E3A080E0537F000001A080', null, null, null, null, '2');
INSERT INTO "GYSGLBJ"."DIC_POPEDOM" VALUES ('4F3A7FB1C2E6A080E0537F000001A080', '右侧内容页面', '/open', null, '26', null, null, null, '4F3A7FB1C2E3A080E0537F000001A080', null, null, null, null, '2');
INSERT INTO "GYSGLBJ"."DIC_POPEDOM" VALUES ('4F3C76D2C3E3F002E0537F000001F002', '角色列表', '/role/list', null, '28', null, null, null, '4F138DC1A792B040E0537F000001B040', null, null, null, null, '2');
INSERT INTO "GYSGLBJ"."DIC_POPEDOM" VALUES ('4F138DC1A791B040E0537F000001B040', '用户管理', '/user', null, '6', null, null, null, '4E85D7240102B0C0E0537F000001B0C0', 'frmright', '/libs/icons/png/14.png', '40', '40', '1');
INSERT INTO "GYSGLBJ"."DIC_POPEDOM" VALUES ('4F138DC1A792B040E0537F000001B040', '角色管理', '/role', null, '5', null, null, null, '4E85D7240102B0C0E0537F000001B0C0', 'frmright', '/libs/icons/png/15.png', '40', '40', '1');
INSERT INTO "GYSGLBJ"."DIC_POPEDOM" VALUES ('4F138DC1A793B040E0537F000001B040', '权限管理', '/popedom', null, '7', null, null, null, '4E85D7240102B0C0E0537F000001B0C0', 'frmright', '/libs/icons/png/13.png', '40', '40', '1');
INSERT INTO "GYSGLBJ"."DIC_POPEDOM" VALUES ('4F3C14B4908B708EE0537F000001708E', '权限列表', '/popedomMatch/list', null, '43', null, null, null, '4F138DC1A792B040E0537F000001B040', null, null, null, null, '2');
INSERT INTO "GYSGLBJ"."DIC_POPEDOM" VALUES ('4F3E74648F34104EE0537F000001104E', '注销', '/login/logOut', null, '32', null, null, null, '4F3A7FB1C2E3A080E0537F000001A080', null, null, null, null, '2');
INSERT INTO "GYSGLBJ"."DIC_POPEDOM" VALUES ('4F3E74648F38104EE0537F000001104E', '修改', '/popedom/update', null, '36', null, null, null, '4F138DC1A793B040E0537F000001B040', null, null, null, null, '2');
INSERT INTO "GYSGLBJ"."DIC_POPEDOM" VALUES ('4F3E74648F36104EE0537F000001104E', '权限管理列表', '/popedom/list', null, '34', null, null, null, '4F138DC1A793B040E0537F000001B040', null, null, null, null, '2');
INSERT INTO "GYSGLBJ"."DIC_POPEDOM" VALUES ('4F3E74648F37104EE0537F000001104E', '保存', '/popedom/save', null, '35', null, null, null, '4F138DC1A793B040E0537F000001B040', null, null, null, null, '2');
INSERT INTO "GYSGLBJ"."DIC_POPEDOM" VALUES ('4F3E74648F39104EE0537F000001104E', '删除', '/popedom/delete', null, '37', null, null, null, '4F138DC1A793B040E0537F000001B040', null, null, null, null, '2');
INSERT INTO "GYSGLBJ"."DIC_POPEDOM" VALUES ('4F3E74648F3A104EE0537F000001104E', '移动顺序', '/popedom/exchangePosition', null, '38', null, null, null, '4F138DC1A793B040E0537F000001B040', null, null, null, null, '2');
INSERT INTO "GYSGLBJ"."DIC_POPEDOM" VALUES ('4F3E74648F3B104EE0537F000001104E', '保存权限', '/popedomMatch/save', null, '44', null, null, null, '4F138DC1A792B040E0537F000001B040', null, null, null, null, '2');
INSERT INTO "GYSGLBJ"."DIC_POPEDOM" VALUES ('4F3E74648F3C104EE0537F000001104E', '添加页面', '/role/addView', null, '29', null, null, null, '4F138DC1A792B040E0537F000001B040', null, null, null, null, '2');
INSERT INTO "GYSGLBJ"."DIC_POPEDOM" VALUES ('4F3E74648F3D104EE0537F000001104E', '修改页面', '/role/updateView', null, '40', null, null, null, '4F138DC1A792B040E0537F000001B040', null, null, null, null, '2');
INSERT INTO "GYSGLBJ"."DIC_POPEDOM" VALUES ('4F3E74648F3E104EE0537F000001104E', '详情页面', '/role/detailView', null, '39', null, null, null, '4F138DC1A792B040E0537F000001B040', null, null, null, null, '2');
INSERT INTO "GYSGLBJ"."DIC_POPEDOM" VALUES ('4F3E74648F3F104EE0537F000001104E', '删除', '/role/delete', null, '42', null, null, null, '4F138DC1A792B040E0537F000001B040', null, null, null, null, '2');
INSERT INTO "GYSGLBJ"."DIC_POPEDOM" VALUES ('4F3E74648F40104EE0537F000001104E', '添加页面', '/user/addView', null, '49', null, null, null, '4F138DC1A791B040E0537F000001B040', null, null, null, null, '2');
INSERT INTO "GYSGLBJ"."DIC_POPEDOM" VALUES ('4F3E74648F41104EE0537F000001104E', '单位列表', '/user/unitList', null, '55', null, null, null, '4F138DC1A791B040E0537F000001B040', null, null, null, null, '2');
INSERT INTO "GYSGLBJ"."DIC_POPEDOM" VALUES ('4F3E74648F42104EE0537F000001104E', '科室列表', '/user/officeList', null, '56', null, null, null, '4F138DC1A791B040E0537F000001B040', null, null, null, null, '2');
INSERT INTO "GYSGLBJ"."DIC_POPEDOM" VALUES ('4F3E74648F43104EE0537F000001104E', '角色列表', '/user/roleList', null, '57', null, null, null, '4F138DC1A791B040E0537F000001B040', null, null, null, null, '2');
INSERT INTO "GYSGLBJ"."DIC_POPEDOM" VALUES ('4F3E75BAE2CB00B0E0537F00000100B0', '保存/修改角色', '/role/save', null, '41', null, null, null, '4F138DC1A792B040E0537F000001B040', null, null, null, null, '2');
INSERT INTO "GYSGLBJ"."DIC_POPEDOM" VALUES ('4F3E75BAE2D000B0E0537F00000100B0', '修改页面', '/user/updateView', null, '50', null, null, null, '4F138DC1A791B040E0537F000001B040', null, null, null, null, '2');
INSERT INTO "GYSGLBJ"."DIC_POPEDOM" VALUES ('4F3E75BAE2D100B0E0537F00000100B0', '详情页面', '/user/detailView', null, '51', null, null, null, '4F138DC1A791B040E0537F000001B040', null, null, null, null, '2');
INSERT INTO "GYSGLBJ"."DIC_POPEDOM" VALUES ('4F3E75BAE2D200B0E0537F00000100B0', '保存/修改', '/user/save', null, '52', null, null, null, '4F138DC1A791B040E0537F000001B040', null, null, null, null, '2');
INSERT INTO "GYSGLBJ"."DIC_POPEDOM" VALUES ('4F3E75BAE2D300B0E0537F00000100B0', '删除', '/user/delete', null, '53', null, null, null, '4F138DC1A791B040E0537F000001B040', null, null, null, null, '2');
INSERT INTO "GYSGLBJ"."DIC_POPEDOM" VALUES ('4F3E75BAE2D400B0E0537F00000100B0', '批量删除', '/user/deleteBatch', null, '54', null, null, null, '4F138DC1A791B040E0537F000001B040', null, null, null, null, '2');
INSERT INTO "GYSGLBJ"."DIC_POPEDOM" VALUES ('51E1C295C2BDE042E0537F000001E042', '保存密码', '/user/savePasswd', null, '278', null, null, null, '4F3A7FB1C2E3A080E0537F000001A080', null, null, null, null, '2');
INSERT INTO "GYSGLBJ"."DIC_POPEDOM" VALUES ('4F3E2AF25FC620A4E0537F00000120A4', '用户列表', '/user/list', null, '30', null, null, null, '4F138DC1A791B040E0537F000001B040', null, null, null, null, '2');
INSERT INTO "GYSGLBJ"."DIC_POPEDOM" VALUES ('5288C902BCFDB0CEE0537F000001B0CE', '供应商管理', '/gys', null, '300', null, null, null, '5288C587739E9060E0537F0000019060', 'frmright', '/libs/icons/png/18.png', '40', '40', '1');
INSERT INTO "GYSGLBJ"."DIC_POPEDOM" VALUES ('5288C587739E9060E0537F0000019060', '管理', null, null, '299', null, null, null, '0', null, null, null, null, '1');
INSERT INTO "GYSGLBJ"."DIC_POPEDOM" VALUES ('5324CB0E9DE0C0D2E0537F000001C0D2', '基本功能', null, null, '315', null, null, null, '0', null, null, null, null, '1');
INSERT INTO "GYSGLBJ"."DIC_POPEDOM" VALUES ('5324C11BF34D90ACE0537F00000190AC', '项目', '/project', null, '316', null, null, null, '5324CB0E9DE0C0D2E0537F000001C0D2', 'frmright', '/libs/icons/png/18.png', '40', '40', '1');

-- ----------------------------
-- Table structure for DIC_ROLE
-- ----------------------------
DROP TABLE "GYSGLBJ"."DIC_ROLE";
CREATE TABLE "GYSGLBJ"."DIC_ROLE" (
"ID" VARCHAR2(50 BYTE) DEFAULT sys_guid()  NOT NULL ,
"ROLE_NAME" VARCHAR2(50 BYTE) NULL ,
"XH" NUMBER NULL ,
"REMARK" VARCHAR2(100 BYTE) NULL ,
"FIELD1" NUMBER NULL ,
"FIELD2" VARCHAR2(200 BYTE) NULL ,
"PARENT_ID" VARCHAR2(50 BYTE) DEFAULT 0  NULL 
)
LOGGING
NOCOMPRESS
NOCACHE

;
COMMENT ON COLUMN "GYSGLBJ"."DIC_ROLE"."ID" IS '主键id';
COMMENT ON COLUMN "GYSGLBJ"."DIC_ROLE"."ROLE_NAME" IS '角色名称';
COMMENT ON COLUMN "GYSGLBJ"."DIC_ROLE"."XH" IS '排序';
COMMENT ON COLUMN "GYSGLBJ"."DIC_ROLE"."REMARK" IS '注释';
COMMENT ON COLUMN "GYSGLBJ"."DIC_ROLE"."FIELD1" IS '预留字段1';
COMMENT ON COLUMN "GYSGLBJ"."DIC_ROLE"."FIELD2" IS '预留字段2';
COMMENT ON COLUMN "GYSGLBJ"."DIC_ROLE"."PARENT_ID" IS '父ID';

-- ----------------------------
-- Records of DIC_ROLE
-- ----------------------------
INSERT INTO "GYSGLBJ"."DIC_ROLE" VALUES ('5323D2F1CCFB1032E0537F0000011032', '用户管理员', null, '用户管理员', null, null, '0');
INSERT INTO "GYSGLBJ"."DIC_ROLE" VALUES ('4E88324742032042E0537F0000012042', '系统管理员', '1', '系统最高管理员角色', null, null, '0');

-- ----------------------------
-- Table structure for DIC_ROLE_POPEDOM
-- ----------------------------
DROP TABLE "GYSGLBJ"."DIC_ROLE_POPEDOM";
CREATE TABLE "GYSGLBJ"."DIC_ROLE_POPEDOM" (
"ID" VARCHAR2(50 BYTE) DEFAULT sys_guid()  NOT NULL ,
"ROLE_ID" VARCHAR2(50 BYTE) NULL ,
"POPEDOM_ID" VARCHAR2(50 BYTE) NULL 
)
LOGGING
NOCOMPRESS
NOCACHE

;
COMMENT ON TABLE "GYSGLBJ"."DIC_ROLE_POPEDOM" IS '角色权限表';
COMMENT ON COLUMN "GYSGLBJ"."DIC_ROLE_POPEDOM"."ID" IS '主键';
COMMENT ON COLUMN "GYSGLBJ"."DIC_ROLE_POPEDOM"."ROLE_ID" IS '外键关联role';
COMMENT ON COLUMN "GYSGLBJ"."DIC_ROLE_POPEDOM"."POPEDOM_ID" IS '外键关联权限';

-- ----------------------------
-- Records of DIC_ROLE_POPEDOM
-- ----------------------------
INSERT INTO "GYSGLBJ"."DIC_ROLE_POPEDOM" VALUES ('5323EC9302B710F8E0537F00000110F8', '4E88324742032042E0537F0000012042', null);

-- ----------------------------
-- Table structure for DIC_USER
-- ----------------------------
DROP TABLE "GYSGLBJ"."DIC_USER";
CREATE TABLE "GYSGLBJ"."DIC_USER" (
"ID" VARCHAR2(50 BYTE) DEFAULT sys_guid()  NOT NULL ,
"USER_CODE" VARCHAR2(50 BYTE) NULL ,
"USER_NAME" VARCHAR2(50 BYTE) NULL ,
"PASSWD" VARCHAR2(50 BYTE) NULL ,
"OFFICE_ID" VARCHAR2(50 BYTE) NULL ,
"OFFICE_NAME" VARCHAR2(100 BYTE) NULL ,
"UNIT_ID" VARCHAR2(50 BYTE) NULL ,
"UNIT_NAME" VARCHAR2(100 BYTE) NULL ,
"ROLE_ID" VARCHAR2(50 BYTE) NULL ,
"ROLE_NAME" VARCHAR2(100 BYTE) NULL ,
"REMARK" VARCHAR2(50 BYTE) NULL ,
"FIELD1" NUMBER NULL ,
"FIELD2" VARCHAR2(200 BYTE) NULL ,
"ENTRY_TIME" DATE DEFAULT sysdate  NULL ,
"CREATER_ID" VARCHAR2(50 BYTE) NULL ,
"PARENT_ID" VARCHAR2(50 BYTE) NULL 
)
LOGGING
NOCOMPRESS
NOCACHE

;
COMMENT ON TABLE "GYSGLBJ"."DIC_USER" IS '用户字典表';
COMMENT ON COLUMN "GYSGLBJ"."DIC_USER"."ID" IS '主键ID';
COMMENT ON COLUMN "GYSGLBJ"."DIC_USER"."USER_CODE" IS '用户代码';
COMMENT ON COLUMN "GYSGLBJ"."DIC_USER"."USER_NAME" IS '用户名（显示名）';
COMMENT ON COLUMN "GYSGLBJ"."DIC_USER"."PASSWD" IS '密码';
COMMENT ON COLUMN "GYSGLBJ"."DIC_USER"."OFFICE_ID" IS '科室ID';
COMMENT ON COLUMN "GYSGLBJ"."DIC_USER"."OFFICE_NAME" IS '科室名称';
COMMENT ON COLUMN "GYSGLBJ"."DIC_USER"."UNIT_ID" IS '单位ID';
COMMENT ON COLUMN "GYSGLBJ"."DIC_USER"."UNIT_NAME" IS '单位名称';
COMMENT ON COLUMN "GYSGLBJ"."DIC_USER"."ROLE_ID" IS '角色ID';
COMMENT ON COLUMN "GYSGLBJ"."DIC_USER"."ROLE_NAME" IS '角色名称';
COMMENT ON COLUMN "GYSGLBJ"."DIC_USER"."REMARK" IS '备注';
COMMENT ON COLUMN "GYSGLBJ"."DIC_USER"."FIELD1" IS '预留字段1';
COMMENT ON COLUMN "GYSGLBJ"."DIC_USER"."FIELD2" IS '预留字段2';
COMMENT ON COLUMN "GYSGLBJ"."DIC_USER"."ENTRY_TIME" IS '录入时间';
COMMENT ON COLUMN "GYSGLBJ"."DIC_USER"."CREATER_ID" IS '创建者ID';
COMMENT ON COLUMN "GYSGLBJ"."DIC_USER"."PARENT_ID" IS '父ID';

-- ----------------------------
-- Records of DIC_USER
-- ----------------------------
INSERT INTO "GYSGLBJ"."DIC_USER" VALUES ('4F0FB8C505AB00A4E0537F00000100A4', 'root', '超级管理员', '123456', '4E08C30CFC62000AE0537F000001000A', null, '4E08C30CFC5F000AE0537F000001000A', null, '4E88324742032042E0537F0000012042', null, '最高权限管理员', null, null, TO_DATE('2017-05-09 00:00:00', 'YYYY-MM-DD HH24:MI:SS'), '0', '0');
INSERT INTO "GYSGLBJ"."DIC_USER" VALUES ('4EC154E587A0F072E0537F000001F072', 'admin', '路局管理员', '123456', '507E4A6D6629E082E0537F000001E082', null, '4E08C30CFC5E000AE0537F000001000A', null, '4E88324742032042E0537F0000012042', null, '测试', null, null, TO_DATE('2017-05-08 00:00:00', 'YYYY-MM-DD HH24:MI:SS'), '4F0FB8C505AB00A4E0537F00000100A4', '4F0FB8C505AB00A4E0537F00000100A4');

-- ----------------------------
-- Table structure for E_CERTIFICATE
-- ----------------------------
DROP TABLE "GYSGLBJ"."E_CERTIFICATE";
CREATE TABLE "GYSGLBJ"."E_CERTIFICATE" (
"ID" VARCHAR2(50 BYTE) DEFAULT sys_guid()  NOT NULL ,
"NO" VARCHAR2(50 BYTE) NULL ,
"NAME" VARCHAR2(50 BYTE) NULL ,
"CONTENT" VARCHAR2(50 BYTE) NULL ,
"START_TIME" DATE NULL ,
"END_TIME" DATE NULL ,
"UNIT" VARCHAR2(50 BYTE) NULL ,
"SUPPLIER_ID" VARCHAR2(50 BYTE) NULL 
)
LOGGING
NOCOMPRESS
NOCACHE

;
COMMENT ON TABLE "GYSGLBJ"."E_CERTIFICATE" IS '资质证书';
COMMENT ON COLUMN "GYSGLBJ"."E_CERTIFICATE"."ID" IS 'ID';
COMMENT ON COLUMN "GYSGLBJ"."E_CERTIFICATE"."NO" IS '编号';
COMMENT ON COLUMN "GYSGLBJ"."E_CERTIFICATE"."NAME" IS '名称';
COMMENT ON COLUMN "GYSGLBJ"."E_CERTIFICATE"."CONTENT" IS '内容';
COMMENT ON COLUMN "GYSGLBJ"."E_CERTIFICATE"."START_TIME" IS '证书有效期(起始日期)';
COMMENT ON COLUMN "GYSGLBJ"."E_CERTIFICATE"."END_TIME" IS '证书有效期(终止日期)';
COMMENT ON COLUMN "GYSGLBJ"."E_CERTIFICATE"."UNIT" IS '发证单位';
COMMENT ON COLUMN "GYSGLBJ"."E_CERTIFICATE"."SUPPLIER_ID" IS '供应商ID';

-- ----------------------------
-- Records of E_CERTIFICATE
-- ----------------------------
INSERT INTO "GYSGLBJ"."E_CERTIFICATE" VALUES ('531551020E4ED0E4E0537F000001D0E4', '213', '1231', '21231', TO_DATE('2017-05-30 00:00:00', 'YYYY-MM-DD HH24:MI:SS'), TO_DATE('2017-05-16 00:00:00', 'YYYY-MM-DD HH24:MI:SS'), '3123', null);
INSERT INTO "GYSGLBJ"."E_CERTIFICATE" VALUES ('531551020E4FD0E4E0537F000001D0E4', null, null, null, TO_DATE('2017-06-29 16:03:20', 'YYYY-MM-DD HH24:MI:SS'), TO_DATE('2017-06-21 16:03:22', 'YYYY-MM-DD HH24:MI:SS'), null, null);
INSERT INTO "GYSGLBJ"."E_CERTIFICATE" VALUES ('5315ADEC44B6D0D2E0537F000001D0D2', null, null, null, TO_DATE('2017-05-31 00:00:00', 'YYYY-MM-DD HH24:MI:SS'), TO_DATE('2017-06-07 00:00:00', 'YYYY-MM-DD HH24:MI:SS'), null, null);
INSERT INTO "GYSGLBJ"."E_CERTIFICATE" VALUES ('5315BC3A5B0BF06CE0537F000001F06C', '12', '12', '2112', TO_DATE('2017-05-29 00:00:00', 'YYYY-MM-DD HH24:MI:SS'), TO_DATE('2017-05-29 00:00:00', 'YYYY-MM-DD HH24:MI:SS'), '21', null);
INSERT INTO "GYSGLBJ"."E_CERTIFICATE" VALUES ('5315EA98CE9ED0B4E0537F000001D0B4', '12123', '12', '12', TO_DATE('2017-06-14 00:00:00', 'YYYY-MM-DD HH24:MI:SS'), TO_DATE('2017-06-14 00:00:00', 'YYYY-MM-DD HH24:MI:SS'), '123d', null);
INSERT INTO "GYSGLBJ"."E_CERTIFICATE" VALUES ('5315EA98CE9FD0B4E0537F000001D0B4', '23123123', '12', '12123', TO_DATE('2017-06-07 00:00:00', 'YYYY-MM-DD HH24:MI:SS'), TO_DATE('2017-06-06 00:00:00', 'YYYY-MM-DD HH24:MI:SS'), '123123', null);
INSERT INTO "GYSGLBJ"."E_CERTIFICATE" VALUES ('532480674FF8F092E0537F000001F092', '13123123', null, null, null, null, null, null);
INSERT INTO "GYSGLBJ"."E_CERTIFICATE" VALUES ('53154D82B8A7500AE0537F000001500A', null, null, null, TO_DATE('2017-06-13 00:00:00', 'YYYY-MM-DD HH24:MI:SS'), TO_DATE('2017-06-06 00:00:00', 'YYYY-MM-DD HH24:MI:SS'), null, null);
INSERT INTO "GYSGLBJ"."E_CERTIFICATE" VALUES ('531551020E4DD0E4E0537F000001D0E4', null, null, null, TO_DATE('2017-06-05 00:00:00', 'YYYY-MM-DD HH24:MI:SS'), TO_DATE('2017-05-29 00:00:00', 'YYYY-MM-DD HH24:MI:SS'), null, null);
INSERT INTO "GYSGLBJ"."E_CERTIFICATE" VALUES ('53243896E3CE0092E0537F0000010092', '43423234234234', '1231231231231231', null, null, null, null, null);
INSERT INTO "GYSGLBJ"."E_CERTIFICATE" VALUES ('532480674FF9F092E0537F000001F092', '12312312', '1231231231', null, null, null, null, null);
INSERT INTO "GYSGLBJ"."E_CERTIFICATE" VALUES ('532485AEB57D7018E0537F0000017018', '1231231223312', '12311231231', null, TO_DATE('2017-06-29 00:00:00', 'YYYY-MM-DD HH24:MI:SS'), TO_DATE('2017-06-06 00:00:00', 'YYYY-MM-DD HH24:MI:SS'), null, null);
INSERT INTO "GYSGLBJ"."E_CERTIFICATE" VALUES ('53162105DC6640C2E0537F00000140C2', 'qwedqawqwfrqwq', null, null, null, null, null, '52FCBA7E3FAFD0BCE0537F000001D0BC');
INSERT INTO "GYSGLBJ"."E_CERTIFICATE" VALUES ('53162105DC6740C2E0537F00000140C2', 'gedgedeff', null, null, null, null, null, '52FCBA7E3FAED0BCE0537F000001D0BC');

-- ----------------------------
-- Table structure for E_PROJECT
-- ----------------------------
DROP TABLE "GYSGLBJ"."E_PROJECT";
CREATE TABLE "GYSGLBJ"."E_PROJECT" (
"ID" VARCHAR2(50 BYTE) DEFAULT sys_guid()  NOT NULL ,
"NAME" VARCHAR2(80 BYTE) NULL ,
"NO" VARCHAR2(50 BYTE) NULL ,
"REMARK" VARCHAR2(10 BYTE) NULL ,
"ENTRY_TIME" DATE DEFAULT sysdate  NULL ,
"CREATER_ID" VARCHAR2(50 BYTE) NULL ,
"TYPE" NUMBER(1) DEFAULT 1  NULL 
)
LOGGING
NOCOMPRESS
NOCACHE

;
COMMENT ON TABLE "GYSGLBJ"."E_PROJECT" IS '项目表';
COMMENT ON COLUMN "GYSGLBJ"."E_PROJECT"."ID" IS 'ID';
COMMENT ON COLUMN "GYSGLBJ"."E_PROJECT"."NAME" IS '名称';
COMMENT ON COLUMN "GYSGLBJ"."E_PROJECT"."NO" IS '编号';
COMMENT ON COLUMN "GYSGLBJ"."E_PROJECT"."REMARK" IS '备注';
COMMENT ON COLUMN "GYSGLBJ"."E_PROJECT"."ENTRY_TIME" IS '录入时间';
COMMENT ON COLUMN "GYSGLBJ"."E_PROJECT"."CREATER_ID" IS '创建者ID';
COMMENT ON COLUMN "GYSGLBJ"."E_PROJECT"."TYPE" IS '类型 1 竞买  2 竞价(整包)';

-- ----------------------------
-- Records of E_PROJECT
-- ----------------------------
INSERT INTO "GYSGLBJ"."E_PROJECT" VALUES ('52D875033CA6B0FAE0537F000001B0FA', '2017年第一批客车配件', 'YKC1701001', 'sdf', TO_DATE('2017-06-26 14:56:58', 'YYYY-MM-DD HH24:MI:SS'), '4F0FB8C505AB00A4E0537F00000100A4', '1');
INSERT INTO "GYSGLBJ"."E_PROJECT" VALUES ('52EDF1DC25058042E0537F0000018042', '234', '234', '234', TO_DATE('2017-06-27 16:35:07', 'YYYY-MM-DD HH24:MI:SS'), '4F0FB8C505AB00A4E0537F00000100A4', '1');
INSERT INTO "GYSGLBJ"."E_PROJECT" VALUES ('52EEC47E8BC3F09EE0537F000001F09E', 'sdfad', 'asdf', 'asdf', TO_DATE('2017-06-27 17:34:00', 'YYYY-MM-DD HH24:MI:SS'), '4F0FB8C505AB00A4E0537F00000100A4', '1');

-- ----------------------------
-- Table structure for E_QUOTE
-- ----------------------------
DROP TABLE "GYSGLBJ"."E_QUOTE";
CREATE TABLE "GYSGLBJ"."E_QUOTE" (
"BJH" VARCHAR2(255 BYTE) NULL ,
"WZBM" VARCHAR2(255 BYTE) NULL ,
"WZMC" VARCHAR2(255 BYTE) NULL ,
"GGXH" VARCHAR2(255 BYTE) NULL ,
"JSYQ" VARCHAR2(255 BYTE) NULL ,
"JLDW" VARCHAR2(255 BYTE) NULL ,
"YCSL" VARCHAR2(255 BYTE) NULL ,
"DJXJ_BHS" NUMBER(10,2) NULL ,
"ZXJ_BHS" NUMBER(10,2) NULL ,
"SYDWJDQ" VARCHAR2(255 BYTE) NULL ,
"CSBDJ_BHS" NUMBER(10,2) NULL ,
"CSBZXJ_BHS" NUMBER(10,2) NULL ,
"ID" VARCHAR2(50 BYTE) DEFAULT sys_guid()  NOT NULL ,
"ENTRY_TIME" DATE DEFAULT sysdate  NULL ,
"SUPPLIER_ID" VARCHAR2(50 BYTE) NULL ,
"PROJECT_ID" VARCHAR2(50 BYTE) NULL 
)
LOGGING
NOCOMPRESS
NOCACHE

;
COMMENT ON TABLE "GYSGLBJ"."E_QUOTE" IS '报价表';
COMMENT ON COLUMN "GYSGLBJ"."E_QUOTE"."BJH" IS '包件号';
COMMENT ON COLUMN "GYSGLBJ"."E_QUOTE"."WZBM" IS '物资编码';
COMMENT ON COLUMN "GYSGLBJ"."E_QUOTE"."WZMC" IS '物资名称';
COMMENT ON COLUMN "GYSGLBJ"."E_QUOTE"."GGXH" IS '规格型号';
COMMENT ON COLUMN "GYSGLBJ"."E_QUOTE"."JSYQ" IS '技术要求';
COMMENT ON COLUMN "GYSGLBJ"."E_QUOTE"."JLDW" IS '计量单位';
COMMENT ON COLUMN "GYSGLBJ"."E_QUOTE"."YCSL" IS '预测数量';
COMMENT ON COLUMN "GYSGLBJ"."E_QUOTE"."DJXJ_BHS" IS '单价限价(不含税）';
COMMENT ON COLUMN "GYSGLBJ"."E_QUOTE"."ZXJ_BHS" IS '总限价（不含税）';
COMMENT ON COLUMN "GYSGLBJ"."E_QUOTE"."SYDWJDQ" IS '使用单位及地区';
COMMENT ON COLUMN "GYSGLBJ"."E_QUOTE"."CSBDJ_BHS" IS '厂商报单价(不含税）';
COMMENT ON COLUMN "GYSGLBJ"."E_QUOTE"."CSBZXJ_BHS" IS '厂商报总限价（不含税）';
COMMENT ON COLUMN "GYSGLBJ"."E_QUOTE"."ID" IS 'ID';
COMMENT ON COLUMN "GYSGLBJ"."E_QUOTE"."ENTRY_TIME" IS '录入时间';
COMMENT ON COLUMN "GYSGLBJ"."E_QUOTE"."SUPPLIER_ID" IS '供应商ID';
COMMENT ON COLUMN "GYSGLBJ"."E_QUOTE"."PROJECT_ID" IS '项目ID';

-- ----------------------------
-- Records of E_QUOTE
-- ----------------------------
INSERT INTO "GYSGLBJ"."E_QUOTE" VALUES ('50', '950900000291', '密接钩套Ⅰ', 'Φ105×Φ90×60', 'CRCC或重要件合格证', '个', '168', '188.83', '31723.44', '兰州车辆段及异地车间', null, null, '53172A2C7DC3902AE0537F000001902A', TO_DATE('2017-06-29 17:48:42', 'YYYY-MM-DD HH24:MI:SS'), '52D471DC2BCF8084E0537F0000018084', '52D875033CA6B0FAE0537F000001B0FA');
INSERT INTO "GYSGLBJ"."E_QUOTE" VALUES ('51', '950900000292', '密接钩套Ⅱ', 'Φ90×Φ70×66', 'CRCC或重要件合格证', '个', '218', '220.98', '48173.64', '兰州车辆段及异地车间', null, null, '53172A2C7DC4902AE0537F000001902A', TO_DATE('2017-06-29 17:48:42', 'YYYY-MM-DD HH24:MI:SS'), '52D471DC2BCF8084E0537F0000018084', '52D875033CA6B0FAE0537F000001B0FA');
INSERT INTO "GYSGLBJ"."E_QUOTE" VALUES ('52', '950900000295', '下锁销杆吊套', 'Φ20×36×2(壁厚)', 'CRCC或重要件合格证', '个', '1000', '47.89', '47890', '兰州车辆段及异地车间', null, null, '53172A2C7DC5902AE0537F000001902A', TO_DATE('2017-06-29 17:48:42', 'YYYY-MM-DD HH24:MI:SS'), '52D471DC2BCF8084E0537F0000018084', '52D875033CA6B0FAE0537F000001B0FA');
INSERT INTO "GYSGLBJ"."E_QUOTE" VALUES ('53', '950900000302', '钩头磨耗板', '160mm×160mm×20mm×10mm', 'CRCC或重要件合格证', '块', '21', '47.41', '995.61', '兰州车辆段及异地车间', null, null, '53172A2C7DC6902AE0537F000001902A', TO_DATE('2017-06-29 17:48:42', 'YYYY-MM-DD HH24:MI:SS'), '52D471DC2BCF8084E0537F0000018084', '52D875033CA6B0FAE0537F000001B0FA');
INSERT INTO "GYSGLBJ"."E_QUOTE" VALUES ('15', '950000000073', '钩舌圆销', '托梁车钩', 'CRCC或重要件合格证', '根', '3', '88.39', '265.17', '兰州车辆段及异地车间', null, null, '53172A2C7DA0902AE0537F000001902A', TO_DATE('2017-06-29 17:48:42', 'YYYY-MM-DD HH24:MI:SS'), '52D471DC2BCF8084E0537F0000018084', '52D875033CA6B0FAE0537F000001B0FA');
INSERT INTO "GYSGLBJ"."E_QUOTE" VALUES ('16', '950000000084', '小间隙车钩', '15CX', 'CRCC或重要件合格证', '个', '13.3', '3672.29', '48841.46', '兰州车辆段及异地车间', null, null, '53172A2C7DA1902AE0537F000001902A', TO_DATE('2017-06-29 17:48:42', 'YYYY-MM-DD HH24:MI:SS'), '52D471DC2BCF8084E0537F0000018084', '52D875033CA6B0FAE0537F000001B0FA');
INSERT INTO "GYSGLBJ"."E_QUOTE" VALUES ('17', '950000000091', '过渡车钩', '15C', 'CRCC或重要件合格证', '个', '2.4', '7151.73', '17164.15', '兰州车辆段及异地车间', null, null, '53172A2C7DA2902AE0537F000001902A', TO_DATE('2017-06-29 17:48:42', 'YYYY-MM-DD HH24:MI:SS'), '52D471DC2BCF8084E0537F0000018084', '52D875033CA6B0FAE0537F000001B0FA');
INSERT INTO "GYSGLBJ"."E_QUOTE" VALUES ('18', '950000000111', '托梁式过渡车钩', '15#', 'CRCC或重要件合格证', '套', '2.4', '30696.18', '73670.83', '兰州车辆段及异地车间', null, null, '53172A2C7DA3902AE0537F000001902A', TO_DATE('2017-06-29 17:48:42', 'YYYY-MM-DD HH24:MI:SS'), '52D471DC2BCF8084E0537F0000018084', '52D875033CA6B0FAE0537F000001B0FA');
INSERT INTO "GYSGLBJ"."E_QUOTE" VALUES ('19', '950000000113', '托梁车钩托梁磨耗板', '830×160×55', 'CRCC或重要件合格证', '个', '9', '225', '2025', '兰州车辆段及异地车间', null, null, '53172A2C7DA4902AE0537F000001902A', TO_DATE('2017-06-29 17:48:42', 'YYYY-MM-DD HH24:MI:SS'), '52D471DC2BCF8084E0537F0000018084', '52D875033CA6B0FAE0537F000001B0FA');
INSERT INTO "GYSGLBJ"."E_QUOTE" VALUES ('20', '950100000008', '缓冲器', 'G1号', 'CRCC或重要件合格证', '套', '200', '2772.30', '554460', '兰州车辆段及异地车间', null, null, '53172A2C7DA5902AE0537F000001902A', TO_DATE('2017-06-29 17:48:42', 'YYYY-MM-DD HH24:MI:SS'), '52D471DC2BCF8084E0537F0000018084', '52D875033CA6B0FAE0537F000001B0FA');
INSERT INTO "GYSGLBJ"."E_QUOTE" VALUES ('21', '950100000025', '不锈钢缓解阀', '加长85mm Dg20 B向', 'CRCC或重要件合格证', '套', '21', '144.65', '3037.65', '兰州车辆段及异地车间', null, null, '53172A2C7DA6902AE0537F000001902A', TO_DATE('2017-06-29 17:48:42', 'YYYY-MM-DD HH24:MI:SS'), '52D471DC2BCF8084E0537F0000018084', '52D875033CA6B0FAE0537F000001B0FA');
INSERT INTO "GYSGLBJ"."E_QUOTE" VALUES ('22', '950100000040', '弹性胶泥缓冲器', 'KC15', 'CRCC或重要件合格证', '套', '4', '21662.41', null, '兰州车辆段及异地车间', null, null, '53172A2C7DA7902AE0537F000001902A', TO_DATE('2017-06-29 17:48:42', 'YYYY-MM-DD HH24:MI:SS'), '52D471DC2BCF8084E0537F0000018084', '52D875033CA6B0FAE0537F000001B0FA');
INSERT INTO "GYSGLBJ"."E_QUOTE" VALUES ('23', '950100000042', '缓冲器托板', '520×200×14 圆孔孔径20mm', 'CRCC或重要件合格证', '个', '9', '20.90', '188.10', '兰州车辆段及异地车间', null, null, '53172A2C7DA8902AE0537F000001902A', TO_DATE('2017-06-29 17:48:42', 'YYYY-MM-DD HH24:MI:SS'), '52D471DC2BCF8084E0537F0000018084', '52D875033CA6B0FAE0537F000001B0FA');
INSERT INTO "GYSGLBJ"."E_QUOTE" VALUES ('24', '950100000065', '缓冲器弹簧盒', 'G1', 'CRCC或重要件合格证', '对', '14', '409.82', '5737.48', '兰州车辆段及异地车间', null, null, '53172A2C7DA9902AE0537F000001902A', TO_DATE('2017-06-29 17:48:42', 'YYYY-MM-DD HH24:MI:SS'), '52D471DC2BCF8084E0537F0000018084', '52D875033CA6B0FAE0537F000001B0FA');
INSERT INTO "GYSGLBJ"."E_QUOTE" VALUES ('25', '950200000001', '车钩尾框', '15号C', 'CRCC或重要件合格证', '个', '40', '1583.02', '63320.80', '兰州车辆段及异地车间', null, null, '53172A2C7DAA902AE0537F000001902A', TO_DATE('2017-06-29 17:48:42', 'YYYY-MM-DD HH24:MI:SS'), '52D471DC2BCF8084E0537F0000018084', '52D875033CA6B0FAE0537F000001B0FA');
INSERT INTO "GYSGLBJ"."E_QUOTE" VALUES ('26', '950300000003', '钩尾销', '15号', 'CRCC或重要件合格证', '个', '100', '147.85', '14785', '兰州车辆段及异地车间', null, null, '53172A2C7DAB902AE0537F000001902A', TO_DATE('2017-06-29 17:48:42', 'YYYY-MM-DD HH24:MI:SS'), '52D471DC2BCF8084E0537F0000018084', '52D875033CA6B0FAE0537F000001B0FA');
INSERT INTO "GYSGLBJ"."E_QUOTE" VALUES ('27', '950300000012', '密接式钩钩尾销螺母', 'MJGH-25T', 'CRCC或重要件合格证', '个', '105', '116.52', '12234.60', '兰州车辆段及异地车间', null, null, '53172A2C7DAC902AE0537F000001902A', TO_DATE('2017-06-29 17:48:42', 'YYYY-MM-DD HH24:MI:SS'), '52D471DC2BCF8084E0537F0000018084', '52D875033CA6B0FAE0537F000001B0FA');
INSERT INTO "GYSGLBJ"."E_QUOTE" VALUES ('28', '950300000021', '后从板', '15号', 'CRCC或重要件合格证', '块', '6', '327.86', '1967.16', '兰州车辆段及异地车间', null, null, '53172A2C7DAD902AE0537F000001902A', TO_DATE('2017-06-29 17:48:42', 'YYYY-MM-DD HH24:MI:SS'), '52D471DC2BCF8084E0537F0000018084', '52D875033CA6B0FAE0537F000001B0FA');
INSERT INTO "GYSGLBJ"."E_QUOTE" VALUES ('29', '950300000022', '钩尾扁销', '15C', 'CRCC或重要件合格证', '个', '71.5', '147.05', '10514.08', '兰州车辆段及异地车间', null, null, '53172A2C7DAE902AE0537F000001902A', TO_DATE('2017-06-29 17:48:42', 'YYYY-MM-DD HH24:MI:SS'), '52D471DC2BCF8084E0537F0000018084', '52D875033CA6B0FAE0537F000001B0FA');
INSERT INTO "GYSGLBJ"."E_QUOTE" VALUES ('30', '950300000026', '下锁销杆', '15号', 'CRCC或重要件合格证', '个', '9', '60.26', '542.34', '兰州车辆段及异地车间', null, null, '53172A2C7DAF902AE0537F000001902A', TO_DATE('2017-06-29 17:48:42', 'YYYY-MM-DD HH24:MI:SS'), '52D471DC2BCF8084E0537F0000018084', '52D875033CA6B0FAE0537F000001B0FA');
INSERT INTO "GYSGLBJ"."E_QUOTE" VALUES ('31', '950300000027', '密接式车钩钩尾销', '25DT ', 'CRCC或重要件合格证', '个', '35', '1148.30', '40190.50', '兰州车辆段及异地车间', null, null, '53172A2C7DB0902AE0537F000001902A', TO_DATE('2017-06-29 17:48:42', 'YYYY-MM-DD HH24:MI:SS'), '52D471DC2BCF8084E0537F0000018084', '52D875033CA6B0FAE0537F000001B0FA');
INSERT INTO "GYSGLBJ"."E_QUOTE" VALUES ('32', '950900000000', '摆块', '15号', 'CRCC或重要件合格证', '个', '51', '388.12', '19794.12', '兰州车辆段及异地车间', null, null, '53172A2C7DB1902AE0537F000001902A', TO_DATE('2017-06-29 17:48:42', 'YYYY-MM-DD HH24:MI:SS'), '52D471DC2BCF8084E0537F0000018084', '52D875033CA6B0FAE0537F000001B0FA');
INSERT INTO "GYSGLBJ"."E_QUOTE" VALUES ('33', '950900000001', '摆块吊', '15号', 'CRCC或重要件合格证', '个', '236', '84.97', '20052.92', '兰州车辆段及异地车间', null, null, '53172A2C7DB2902AE0537F000001902A', TO_DATE('2017-06-29 17:48:42', 'YYYY-MM-DD HH24:MI:SS'), '52D471DC2BCF8084E0537F0000018084', '52D875033CA6B0FAE0537F000001B0FA');
INSERT INTO "GYSGLBJ"."E_QUOTE" VALUES ('34', '950900000008', '密接式钩安装螺栓及螺母', 'MJGH-25T M38 L=105mm', 'CRCC或重要件合格证', '套', '78', '278.84', '21749.52', '兰州车辆段及异地车间', null, null, '53172A2C7DB3902AE0537F000001902A', TO_DATE('2017-06-29 17:48:42', 'YYYY-MM-DD HH24:MI:SS'), '52D471DC2BCF8084E0537F0000018084', '52D875033CA6B0FAE0537F000001B0FA');
INSERT INTO "GYSGLBJ"."E_QUOTE" VALUES ('35', '950900000010', '密接式钩安装座', 'MJGH-25T', 'CRCC或重要件合格证', '个', '6', '3374.97', '20249.82', '兰州车辆段及异地车间', null, null, '53172A2C7DB4902AE0537F000001902A', TO_DATE('2017-06-29 17:48:42', 'YYYY-MM-DD HH24:MI:SS'), '52D471DC2BCF8084E0537F0000018084', '52D875033CA6B0FAE0537F000001B0FA');
INSERT INTO "GYSGLBJ"."E_QUOTE" VALUES ('36', '950900000016', '密接式钩关节轴承垫圈', 'MJGH-25T、MJGH-QZ', 'CRCC或重要件合格证', '个', '21', '27.14', '569.94', '兰州车辆段及异地车间', null, null, '53172A2C7DB5902AE0537F000001902A', TO_DATE('2017-06-29 17:48:42', 'YYYY-MM-DD HH24:MI:SS'), '52D471DC2BCF8084E0537F0000018084', '52D875033CA6B0FAE0537F000001B0FA');
INSERT INTO "GYSGLBJ"."E_QUOTE" VALUES ('37', '950900000032', '密接式钩支撑弹簧盒', 'MJGH-25T、MJGH-QZ', 'CRCC或重要件合格证', '个', '15', '948.21', '14223.15', '兰州车辆段及异地车间', null, null, '53172A2C7DB6902AE0537F000001902A', TO_DATE('2017-06-29 17:48:42', 'YYYY-MM-DD HH24:MI:SS'), '52D471DC2BCF8084E0537F0000018084', '52D875033CA6B0FAE0537F000001B0FA');
INSERT INTO "GYSGLBJ"."E_QUOTE" VALUES ('38', '950900000043', '钩耳垫片', '42.5×52×2', 'CRCC或重要件合格证', '个', '300', '3.85', '1155', '兰州车辆段及异地车间', null, null, '53172A2C7DB7902AE0537F000001902A', TO_DATE('2017-06-29 17:48:42', 'YYYY-MM-DD HH24:MI:SS'), '52D471DC2BCF8084E0537F0000018084', '52D875033CA6B0FAE0537F000001B0FA');
INSERT INTO "GYSGLBJ"."E_QUOTE" VALUES ('39', '950900000046', '钩头磨耗板', '215×145×12', 'CRCC或重要件合格证', '个', '605', '52.28', '31629.40', '兰州车辆段及异地车间', null, null, '53172A2C7DB8902AE0537F000001902A', TO_DATE('2017-06-29 17:48:42', 'YYYY-MM-DD HH24:MI:SS'), '52D471DC2BCF8084E0537F0000018084', '52D875033CA6B0FAE0537F000001B0FA');
INSERT INTO "GYSGLBJ"."E_QUOTE" VALUES ('40', '950900000047', '钩头磨耗板', '215×145×10', 'CRCC或重要件合格证', '个', '275', '35.59', '9787.25', '兰州车辆段及异地车间', null, null, '53172A2C7DB9902AE0537F000001902A', TO_DATE('2017-06-29 17:48:42', 'YYYY-MM-DD HH24:MI:SS'), '52D471DC2BCF8084E0537F0000018084', '52D875033CA6B0FAE0537F000001B0FA');
INSERT INTO "GYSGLBJ"."E_QUOTE" VALUES ('41', '950900000049', '钩头磨耗板', '215×145×8', 'CRCC或重要件合格证', '个', '15', '35.16', '527.40', '兰州车辆段及异地车间', null, null, '53172A2C7DBA902AE0537F000001902A', TO_DATE('2017-06-29 17:48:42', 'YYYY-MM-DD HH24:MI:SS'), '52D471DC2BCF8084E0537F0000018084', '52D875033CA6B0FAE0537F000001B0FA');
INSERT INTO "GYSGLBJ"."E_QUOTE" VALUES ('42', '950900000056', '钩舌', '15CX 小间隙', 'CRCC或重要件合格证', '个', '14.7', '916.06', '13466.08', '兰州车辆段及异地车间', null, null, '53172A2C7DBB902AE0537F000001902A', TO_DATE('2017-06-29 17:48:42', 'YYYY-MM-DD HH24:MI:SS'), '52D471DC2BCF8084E0537F0000018084', '52D875033CA6B0FAE0537F000001B0FA');
INSERT INTO "GYSGLBJ"."E_QUOTE" VALUES ('43', '950900000068', '下锁销杆吊', '15C', 'CRCC或重要件合格证', '套', '21', '39.37', '826.77', '兰州车辆段及异地车间', null, null, '53172A2C7DBC902AE0537F000001902A', TO_DATE('2017-06-29 17:48:42', 'YYYY-MM-DD HH24:MI:SS'), '52D471DC2BCF8084E0537F0000018084', '52D875033CA6B0FAE0537F000001B0FA');
INSERT INTO "GYSGLBJ"."E_QUOTE" VALUES ('44', '950900000095', '锁铁', '二孔', 'CRCC或重要件合格证', '个', '149.8', '127.77', '19139.95', '兰州车辆段及异地车间', null, null, '53172A2C7DBD902AE0537F000001902A', TO_DATE('2017-06-29 17:48:42', 'YYYY-MM-DD HH24:MI:SS'), '52D471DC2BCF8084E0537F0000018084', '52D875033CA6B0FAE0537F000001B0FA');
INSERT INTO "GYSGLBJ"."E_QUOTE" VALUES ('45', '950900000131', '车钩提杆吊环座', '209 焊接', 'CRCC或重要件合格证', '个', '3', '12.50', '37.50', '兰州车辆段及异地车间', null, null, '53172A2C7DBE902AE0537F000001902A', TO_DATE('2017-06-29 17:48:42', 'YYYY-MM-DD HH24:MI:SS'), '52D471DC2BCF8084E0537F0000018084', '52D875033CA6B0FAE0537F000001B0FA');
INSERT INTO "GYSGLBJ"."E_QUOTE" VALUES ('46', '950900000145', '连接螺栓组合', 'SYST104 螺母、垫销 8.8级', 'CRCC或重要件合格证', '套', '91', '190.44', '17330.04', '兰州车辆段及异地车间', null, null, '53172A2C7DBF902AE0537F000001902A', TO_DATE('2017-06-29 17:48:42', 'YYYY-MM-DD HH24:MI:SS'), '52D471DC2BCF8084E0537F0000018084', '52D875033CA6B0FAE0537F000001B0FA');
INSERT INTO "GYSGLBJ"."E_QUOTE" VALUES ('47', '950900000168', '车钩提杆吊座组成', '15', 'CRCC或重要件合格证', '个', '35', '120.54', '4218.90', '兰州车辆段及异地车间', null, null, '53172A2C7DC0902AE0537F000001902A', TO_DATE('2017-06-29 17:48:42', 'YYYY-MM-DD HH24:MI:SS'), '52D471DC2BCF8084E0537F0000018084', '52D875033CA6B0FAE0537F000001B0FA');
INSERT INTO "GYSGLBJ"."E_QUOTE" VALUES ('48', '950900000186', '钩舌', '15C', 'CRCC或重要件合格证', '个', '495.6', '333.54', '165302.42', '兰州车辆段及异地车间', null, null, '53172A2C7DC1902AE0537F000001902A', TO_DATE('2017-06-29 17:48:42', 'YYYY-MM-DD HH24:MI:SS'), '52D471DC2BCF8084E0537F0000018084', '52D875033CA6B0FAE0537F000001B0FA');
INSERT INTO "GYSGLBJ"."E_QUOTE" VALUES ('49', '950900000221', '密接钩链', 'L=750mm 25T', 'CRCC或重要件合格证', '套', '35', '54.64', '1912.40', '兰州车辆段及异地车间', null, null, '53172A2C7DC2902AE0537F000001902A', TO_DATE('2017-06-29 17:48:42', 'YYYY-MM-DD HH24:MI:SS'), '52D471DC2BCF8084E0537F0000018084', '52D875033CA6B0FAE0537F000001B0FA');
INSERT INTO "GYSGLBJ"."E_QUOTE" VALUES ('34', '950900000008', '密接式钩安装螺栓及螺母', 'MJGH-25T M38 L=105mm', 'CRCC或重要件合格证', '套', '78', '278.84', '21749.52', '兰州车辆段及异地车间', null, null, '53172A2C7D7E902AE0537F000001902A', TO_DATE('2017-06-29 17:45:45', 'YYYY-MM-DD HH24:MI:SS'), '52D471DC2BD08084E0537F0000018084', '52D875033CA6B0FAE0537F000001B0FA');
INSERT INTO "GYSGLBJ"."E_QUOTE" VALUES ('35', '950900000010', '密接式钩安装座', 'MJGH-25T', 'CRCC或重要件合格证', '个', '6', '3374.97', '20249.82', '兰州车辆段及异地车间', null, null, '53172A2C7D7F902AE0537F000001902A', TO_DATE('2017-06-29 17:45:45', 'YYYY-MM-DD HH24:MI:SS'), '52D471DC2BD08084E0537F0000018084', '52D875033CA6B0FAE0537F000001B0FA');
INSERT INTO "GYSGLBJ"."E_QUOTE" VALUES ('36', '950900000016', '密接式钩关节轴承垫圈', 'MJGH-25T、MJGH-QZ', 'CRCC或重要件合格证', '个', '21', '257.14', '5399.94', '兰州车辆段及异地车间', null, null, '53172A2C7D80902AE0537F000001902A', TO_DATE('2017-06-29 17:45:45', 'YYYY-MM-DD HH24:MI:SS'), '52D471DC2BD08084E0537F0000018084', '52D875033CA6B0FAE0537F000001B0FA');
INSERT INTO "GYSGLBJ"."E_QUOTE" VALUES ('37', '950900000032', '密接式钩支撑弹簧盒', 'MJGH-25T、MJGH-QZ', 'CRCC或重要件合格证', '个', '15', '948.21', '14223.15', '兰州车辆段及异地车间', null, null, '53172A2C7D81902AE0537F000001902A', TO_DATE('2017-06-29 17:45:45', 'YYYY-MM-DD HH24:MI:SS'), '52D471DC2BD08084E0537F0000018084', '52D875033CA6B0FAE0537F000001B0FA');
INSERT INTO "GYSGLBJ"."E_QUOTE" VALUES ('38', '950900000043', '钩耳垫片', '42.5×52×2', 'CRCC或重要件合格证', '个', '300', '3.85', '1155', '兰州车辆段及异地车间', null, null, '53172A2C7D82902AE0537F000001902A', TO_DATE('2017-06-29 17:45:45', 'YYYY-MM-DD HH24:MI:SS'), '52D471DC2BD08084E0537F0000018084', '52D875033CA6B0FAE0537F000001B0FA');
INSERT INTO "GYSGLBJ"."E_QUOTE" VALUES ('39', '950900000046', '钩头磨耗板', '215×145×12', 'CRCC或重要件合格证', '个', '605', '52.28', '31629.40', '兰州车辆段及异地车间', null, null, '53172A2C7D83902AE0537F000001902A', TO_DATE('2017-06-29 17:45:45', 'YYYY-MM-DD HH24:MI:SS'), '52D471DC2BD08084E0537F0000018084', '52D875033CA6B0FAE0537F000001B0FA');
INSERT INTO "GYSGLBJ"."E_QUOTE" VALUES ('40', '950900000047', '钩头磨耗板', '215×145×10', 'CRCC或重要件合格证', '个', '275', '35.59', '9787.25', '兰州车辆段及异地车间', null, null, '53172A2C7D84902AE0537F000001902A', TO_DATE('2017-06-29 17:45:45', 'YYYY-MM-DD HH24:MI:SS'), '52D471DC2BD08084E0537F0000018084', '52D875033CA6B0FAE0537F000001B0FA');
INSERT INTO "GYSGLBJ"."E_QUOTE" VALUES ('41', '950900000049', '钩头磨耗板', '215×145×8', 'CRCC或重要件合格证', '个', '15', '36.16', '542.40', '兰州车辆段及异地车间', null, null, '53172A2C7D85902AE0537F000001902A', TO_DATE('2017-06-29 17:45:45', 'YYYY-MM-DD HH24:MI:SS'), '52D471DC2BD08084E0537F0000018084', '52D875033CA6B0FAE0537F000001B0FA');
INSERT INTO "GYSGLBJ"."E_QUOTE" VALUES ('42', '950900000056', '钩舌', '15CX 小间隙', 'CRCC或重要件合格证', '个', '14.7', '916.06', '13466.08', '兰州车辆段及异地车间', null, null, '53172A2C7D86902AE0537F000001902A', TO_DATE('2017-06-29 17:45:45', 'YYYY-MM-DD HH24:MI:SS'), '52D471DC2BD08084E0537F0000018084', '52D875033CA6B0FAE0537F000001B0FA');
INSERT INTO "GYSGLBJ"."E_QUOTE" VALUES ('43', '950900000068', '下锁销杆吊', '15C', 'CRCC或重要件合格证', '套', '21', '39.37', '826.77', '兰州车辆段及异地车间', null, null, '53172A2C7D87902AE0537F000001902A', TO_DATE('2017-06-29 17:45:45', 'YYYY-MM-DD HH24:MI:SS'), '52D471DC2BD08084E0537F0000018084', '52D875033CA6B0FAE0537F000001B0FA');
INSERT INTO "GYSGLBJ"."E_QUOTE" VALUES ('44', '950900000095', '锁铁', '二孔', 'CRCC或重要件合格证', '个', '149.8', '127.77', '19139.95', '兰州车辆段及异地车间', null, null, '53172A2C7D88902AE0537F000001902A', TO_DATE('2017-06-29 17:45:45', 'YYYY-MM-DD HH24:MI:SS'), '52D471DC2BD08084E0537F0000018084', '52D875033CA6B0FAE0537F000001B0FA');
INSERT INTO "GYSGLBJ"."E_QUOTE" VALUES ('45', '950900000131', '车钩提杆吊环座', '209 焊接', 'CRCC或重要件合格证', '个', '3', '112.50', '337.50', '兰州车辆段及异地车间', null, null, '53172A2C7D89902AE0537F000001902A', TO_DATE('2017-06-29 17:45:45', 'YYYY-MM-DD HH24:MI:SS'), '52D471DC2BD08084E0537F0000018084', '52D875033CA6B0FAE0537F000001B0FA');
INSERT INTO "GYSGLBJ"."E_QUOTE" VALUES ('46', '950900000145', '连接螺栓组合', 'SYST104 螺母、垫销 8.8级', 'CRCC或重要件合格证', '套', '91', '190.44', '17330.04', '兰州车辆段及异地车间', null, null, '53172A2C7D8A902AE0537F000001902A', TO_DATE('2017-06-29 17:45:45', 'YYYY-MM-DD HH24:MI:SS'), '52D471DC2BD08084E0537F0000018084', '52D875033CA6B0FAE0537F000001B0FA');
INSERT INTO "GYSGLBJ"."E_QUOTE" VALUES ('47', '950900000168', '车钩提杆吊座组成', '15', 'CRCC或重要件合格证', '个', '35', '120.54', '4218.90', '兰州车辆段及异地车间', null, null, '53172A2C7D8B902AE0537F000001902A', TO_DATE('2017-06-29 17:45:45', 'YYYY-MM-DD HH24:MI:SS'), '52D471DC2BD08084E0537F0000018084', '52D875033CA6B0FAE0537F000001B0FA');
INSERT INTO "GYSGLBJ"."E_QUOTE" VALUES ('48', '950900000186', '钩舌', '15C', 'CRCC或重要件合格证', '个', '495.6', '333.54', '165302.42', '兰州车辆段及异地车间', null, null, '53172A2C7D8C902AE0537F000001902A', TO_DATE('2017-06-29 17:45:45', 'YYYY-MM-DD HH24:MI:SS'), '52D471DC2BD08084E0537F0000018084', '52D875033CA6B0FAE0537F000001B0FA');
INSERT INTO "GYSGLBJ"."E_QUOTE" VALUES ('49', '950900000221', '密接钩链', 'L=750mm 25T', 'CRCC或重要件合格证', '套', '35', '54.64', '1912.40', '兰州车辆段及异地车间', null, null, '53172A2C7D8D902AE0537F000001902A', TO_DATE('2017-06-29 17:45:45', 'YYYY-MM-DD HH24:MI:SS'), '52D471DC2BD08084E0537F0000018084', '52D875033CA6B0FAE0537F000001B0FA');
INSERT INTO "GYSGLBJ"."E_QUOTE" VALUES ('50', '950900000291', '密接钩套Ⅰ', 'Φ105×Φ90×60', 'CRCC或重要件合格证', '个', '168', '188.83', '31723.44', '兰州车辆段及异地车间', null, null, '53172A2C7D8E902AE0537F000001902A', TO_DATE('2017-06-29 17:45:45', 'YYYY-MM-DD HH24:MI:SS'), '52D471DC2BD08084E0537F0000018084', '52D875033CA6B0FAE0537F000001B0FA');
INSERT INTO "GYSGLBJ"."E_QUOTE" VALUES ('51', '950900000292', '密接钩套Ⅱ', 'Φ90×Φ70×66', 'CRCC或重要件合格证', '个', '218', '220.98', '48173.64', '兰州车辆段及异地车间', null, null, '53172A2C7D8F902AE0537F000001902A', TO_DATE('2017-06-29 17:45:45', 'YYYY-MM-DD HH24:MI:SS'), '52D471DC2BD08084E0537F0000018084', '52D875033CA6B0FAE0537F000001B0FA');
INSERT INTO "GYSGLBJ"."E_QUOTE" VALUES ('52', '950900000295', '下锁销杆吊套', 'Φ20×36×2(壁厚)', 'CRCC或重要件合格证', '个', '1000', '47.89', '47890', '兰州车辆段及异地车间', null, null, '53172A2C7D90902AE0537F000001902A', TO_DATE('2017-06-29 17:45:45', 'YYYY-MM-DD HH24:MI:SS'), '52D471DC2BD08084E0537F0000018084', '52D875033CA6B0FAE0537F000001B0FA');
INSERT INTO "GYSGLBJ"."E_QUOTE" VALUES ('53', '950900000302', '钩头磨耗板', '160mm×160mm×20mm×10mm', 'CRCC或重要件合格证', '块', '21', '47.41', '995.61', '兰州车辆段及异地车间', null, null, '53172A2C7D91902AE0537F000001902A', TO_DATE('2017-06-29 17:45:45', 'YYYY-MM-DD HH24:MI:SS'), '52D471DC2BD08084E0537F0000018084', '52D875033CA6B0FAE0537F000001B0FA');
INSERT INTO "GYSGLBJ"."E_QUOTE" VALUES ('1', '950000000003', '车钩提杆', '15号', 'CRCC或重要件合格证', '根', '8.4', '190.46', '1599.86', '兰州车辆段及异地车间', null, null, '53172A2C7D92902AE0537F000001902A', TO_DATE('2017-06-29 17:48:42', 'YYYY-MM-DD HH24:MI:SS'), '52D471DC2BCF8084E0537F0000018084', '52D875033CA6B0FAE0537F000001B0FA');
INSERT INTO "GYSGLBJ"."E_QUOTE" VALUES ('2', '950000000005', '车钩提杆', '15号', 'CRCC或重要件合格证', '根', '14', '98.03', '1372.42', '兰州车辆段及异地车间', null, null, '53172A2C7D93902AE0537F000001902A', TO_DATE('2017-06-29 17:48:42', 'YYYY-MM-DD HH24:MI:SS'), '52D471DC2BCF8084E0537F0000018084', '52D875033CA6B0FAE0537F000001B0FA');
INSERT INTO "GYSGLBJ"."E_QUOTE" VALUES ('3', '950000000014', '钩舌', '15号C', 'CRCC或重要件合格证', '个', '540', '377.68', '203947.20', '兰州车辆段及异地车间', null, null, '53172A2C7D94902AE0537F000001902A', TO_DATE('2017-06-29 17:48:42', 'YYYY-MM-DD HH24:MI:SS'), '52D471DC2BCF8084E0537F0000018084', '52D875033CA6B0FAE0537F000001B0FA');
INSERT INTO "GYSGLBJ"."E_QUOTE" VALUES ('4', '950000000016', '钩舌推铁', '15号', 'CRCC或重要件合格证', '个', '300', '623.89', '187167', '兰州车辆段及异地车间', null, null, '53172A2C7D95902AE0537F000001902A', TO_DATE('2017-06-29 17:48:42', 'YYYY-MM-DD HH24:MI:SS'), '52D471DC2BCF8084E0537F0000018084', '52D875033CA6B0FAE0537F000001B0FA');
INSERT INTO "GYSGLBJ"."E_QUOTE" VALUES ('5', '950000000017', '钩舌销', '15号', 'CRCC或重要件合格证', '个', '240', '61.07', '14656.80', '兰州车辆段及异地车间', null, null, '53172A2C7D96902AE0537F000001902A', TO_DATE('2017-06-29 17:48:42', 'YYYY-MM-DD HH24:MI:SS'), '52D471DC2BCF8084E0537F0000018084', '52D875033CA6B0FAE0537F000001B0FA');
INSERT INTO "GYSGLBJ"."E_QUOTE" VALUES ('6', '950000000021', '钩锁铁', '15号', 'CRCC或重要件合格证', '个', '33', '104.46', '3447.18', '兰州车辆段及异地车间', null, null, '53172A2C7D97902AE0537F000001902A', TO_DATE('2017-06-29 17:48:42', 'YYYY-MM-DD HH24:MI:SS'), '52D471DC2BCF8084E0537F0000018084', '52D875033CA6B0FAE0537F000001B0FA');
INSERT INTO "GYSGLBJ"."E_QUOTE" VALUES ('7', '950000000027', '密接式钩钩舌', 'MJGH-25T Φ140', 'CRCC或重要件合格证', '个', '21', '507.85', '10664.85', '兰州车辆段及异地车间', null, null, '53172A2C7D98902AE0537F000001902A', TO_DATE('2017-06-29 17:48:42', 'YYYY-MM-DD HH24:MI:SS'), '52D471DC2BCF8084E0537F0000018084', '52D875033CA6B0FAE0537F000001B0FA');
INSERT INTO "GYSGLBJ"."E_QUOTE" VALUES ('8', '950000000035', '密接式钩解钩风缸', 'MJGH-25T', 'CRCC或重要件合格证', '个', '15', '1526.77', '22901.55', '兰州车辆段及异地车间', null, null, '53172A2C7D99902AE0537F000001902A', TO_DATE('2017-06-29 17:48:42', 'YYYY-MM-DD HH24:MI:SS'), '52D471DC2BCF8084E0537F0000018084', '52D875033CA6B0FAE0537F000001B0FA');
INSERT INTO "GYSGLBJ"."E_QUOTE" VALUES ('9', '950000000042', '钩舌销螺母', 'M30', 'CRCC或重要件合格证', '个', '1510', '3.71', '5602.10', '兰州车辆段及异地车间', null, null, '53172A2C7D9A902AE0537F000001902A', TO_DATE('2017-06-29 17:48:42', 'YYYY-MM-DD HH24:MI:SS'), '52D471DC2BCF8084E0537F0000018084', '52D875033CA6B0FAE0537F000001B0FA');
INSERT INTO "GYSGLBJ"."E_QUOTE" VALUES ('10', '950000000045', '钩舌', '15号', 'CRCC或重要件合格证', '套', '24', '952.22', '22853.28', '兰州车辆段及异地车间', null, null, '53172A2C7D9B902AE0537F000001902A', TO_DATE('2017-06-29 17:48:42', 'YYYY-MM-DD HH24:MI:SS'), '52D471DC2BCF8084E0537F0000018084', '52D875033CA6B0FAE0537F000001B0FA');
INSERT INTO "GYSGLBJ"."E_QUOTE" VALUES ('11', '950000000049', '钩锁铁', '15号C', 'CRCC或重要件合格证', '个', '300', '104.46', '31338', '兰州车辆段及异地车间', null, null, '53172A2C7D9C902AE0537F000001902A', TO_DATE('2017-06-29 17:48:42', 'YYYY-MM-DD HH24:MI:SS'), '52D471DC2BCF8084E0537F0000018084', '52D875033CA6B0FAE0537F000001B0FA');
INSERT INTO "GYSGLBJ"."E_QUOTE" VALUES ('12', '950000000057', '下锁销', '15C', 'CRCC或重要件合格证', '无', '70', '188.03', '13162.10', '兰州车辆段及异地车间', null, null, '53172A2C7D9D902AE0537F000001902A', TO_DATE('2017-06-29 17:48:42', 'YYYY-MM-DD HH24:MI:SS'), '52D471DC2BCF8084E0537F0000018084', '52D875033CA6B0FAE0537F000001B0FA');
INSERT INTO "GYSGLBJ"."E_QUOTE" VALUES ('13', '950000000059', '小间隙钩舌', '15号 小间隙', 'CRCC或重要件合格证', '个', '14', '875.88', '12262.32', '兰州车辆段及异地车间', null, null, '53172A2C7D9E902AE0537F000001902A', TO_DATE('2017-06-29 17:48:42', 'YYYY-MM-DD HH24:MI:SS'), '52D471DC2BCF8084E0537F0000018084', '52D875033CA6B0FAE0537F000001B0FA');
INSERT INTO "GYSGLBJ"."E_QUOTE" VALUES ('14', '950000000071', '解钩手柄', '25T 密接式车钩', 'CRCC或重要件合格证', '套', '1.4', '241.07', '337.50', '兰州车辆段及异地车间', null, null, '53172A2C7D9F902AE0537F000001902A', TO_DATE('2017-06-29 17:48:42', 'YYYY-MM-DD HH24:MI:SS'), '52D471DC2BCF8084E0537F0000018084', '52D875033CA6B0FAE0537F000001B0FA');
INSERT INTO "GYSGLBJ"."E_QUOTE" VALUES ('52', '950900000295', '下锁销杆吊套', 'Φ20×36×2(壁厚)', 'CRCC或重要件合格证', '个', '1000', '47.89', '47890', '兰州车辆段及异地车间', null, null, '5300DF85FF8270FEE0537F00000170FE', TO_DATE('2017-06-28 15:11:10', 'YYYY-MM-DD HH24:MI:SS'), '52D471DC2BD08084E0537F0000018084', '52EDF1DC25058042E0537F0000018042');
INSERT INTO "GYSGLBJ"."E_QUOTE" VALUES ('53', '950900000302', '钩头磨耗板', '160mm×160mm×20mm×10mm', 'CRCC或重要件合格证', '块', '21', '47.41', '995.61', '兰州车辆段及异地车间', null, null, '5300DF85FF8370FEE0537F00000170FE', TO_DATE('2017-06-28 15:11:10', 'YYYY-MM-DD HH24:MI:SS'), '52D471DC2BD08084E0537F0000018084', '52EDF1DC25058042E0537F0000018042');
INSERT INTO "GYSGLBJ"."E_QUOTE" VALUES ('33', '950900000001', '摆块吊', '15号', 'CRCC或重要件合格证', '个', '236', '84.97', '20052.92', '兰州车辆段及异地车间', null, null, '53172A2C7D7D902AE0537F000001902A', TO_DATE('2017-06-29 17:45:45', 'YYYY-MM-DD HH24:MI:SS'), '52D471DC2BD08084E0537F0000018084', '52D875033CA6B0FAE0537F000001B0FA');
INSERT INTO "GYSGLBJ"."E_QUOTE" VALUES ('1', '950000000003', '车钩提杆', '15号', 'CRCC或重要件合格证', '根', '8.4', '104.46', '877.46', '兰州车辆段及异地车间', null, null, '53172A2C7D5D902AE0537F000001902A', TO_DATE('2017-06-29 17:45:45', 'YYYY-MM-DD HH24:MI:SS'), '52D471DC2BD08084E0537F0000018084', '52D875033CA6B0FAE0537F000001B0FA');
INSERT INTO "GYSGLBJ"."E_QUOTE" VALUES ('2', '950000000005', '车钩提杆', '15号', 'CRCC或重要件合格证', '根', '14', '98.03', '1372.42', '兰州车辆段及异地车间', null, null, '53172A2C7D5E902AE0537F000001902A', TO_DATE('2017-06-29 17:45:45', 'YYYY-MM-DD HH24:MI:SS'), '52D471DC2BD08084E0537F0000018084', '52D875033CA6B0FAE0537F000001B0FA');
INSERT INTO "GYSGLBJ"."E_QUOTE" VALUES ('3', '950000000014', '钩舌', '15号C', 'CRCC或重要件合格证', '个', '540', '377.68', '203947.20', '兰州车辆段及异地车间', null, null, '53172A2C7D5F902AE0537F000001902A', TO_DATE('2017-06-29 17:45:45', 'YYYY-MM-DD HH24:MI:SS'), '52D471DC2BD08084E0537F0000018084', '52D875033CA6B0FAE0537F000001B0FA');
INSERT INTO "GYSGLBJ"."E_QUOTE" VALUES ('4', '950000000016', '钩舌推铁', '15号', 'CRCC或重要件合格证', '个', '300', '623.89', '187167', '兰州车辆段及异地车间', null, null, '53172A2C7D60902AE0537F000001902A', TO_DATE('2017-06-29 17:45:45', 'YYYY-MM-DD HH24:MI:SS'), '52D471DC2BD08084E0537F0000018084', '52D875033CA6B0FAE0537F000001B0FA');
INSERT INTO "GYSGLBJ"."E_QUOTE" VALUES ('5', '950000000017', '钩舌销', '15号', 'CRCC或重要件合格证', '个', '240', '61.07', '14656.80', '兰州车辆段及异地车间', null, null, '53172A2C7D61902AE0537F000001902A', TO_DATE('2017-06-29 17:45:45', 'YYYY-MM-DD HH24:MI:SS'), '52D471DC2BD08084E0537F0000018084', '52D875033CA6B0FAE0537F000001B0FA');
INSERT INTO "GYSGLBJ"."E_QUOTE" VALUES ('6', '950000000021', '钩锁铁', '15号', 'CRCC或重要件合格证', '个', '33', '104.46', '3447.18', '兰州车辆段及异地车间', null, null, '53172A2C7D62902AE0537F000001902A', TO_DATE('2017-06-29 17:45:45', 'YYYY-MM-DD HH24:MI:SS'), '52D471DC2BD08084E0537F0000018084', '52D875033CA6B0FAE0537F000001B0FA');
INSERT INTO "GYSGLBJ"."E_QUOTE" VALUES ('7', '950000000027', '密接式钩钩舌', 'MJGH-25T Φ140', 'CRCC或重要件合格证', '个', '21', '507.85', '10664.85', '兰州车辆段及异地车间', null, null, '53172A2C7D63902AE0537F000001902A', TO_DATE('2017-06-29 17:45:45', 'YYYY-MM-DD HH24:MI:SS'), '52D471DC2BD08084E0537F0000018084', '52D875033CA6B0FAE0537F000001B0FA');
INSERT INTO "GYSGLBJ"."E_QUOTE" VALUES ('8', '950000000035', '密接式钩解钩风缸', 'MJGH-25T', 'CRCC或重要件合格证', '个', '15', '1526.77', '22901.55', '兰州车辆段及异地车间', null, null, '53172A2C7D64902AE0537F000001902A', TO_DATE('2017-06-29 17:45:45', 'YYYY-MM-DD HH24:MI:SS'), '52D471DC2BD08084E0537F0000018084', '52D875033CA6B0FAE0537F000001B0FA');
INSERT INTO "GYSGLBJ"."E_QUOTE" VALUES ('9', '950000000042', '钩舌销螺母', 'M30', 'CRCC或重要件合格证', '个', '1510', '3.71', '5602.10', '兰州车辆段及异地车间', null, null, '53172A2C7D65902AE0537F000001902A', TO_DATE('2017-06-29 17:45:45', 'YYYY-MM-DD HH24:MI:SS'), '52D471DC2BD08084E0537F0000018084', '52D875033CA6B0FAE0537F000001B0FA');
INSERT INTO "GYSGLBJ"."E_QUOTE" VALUES ('10', '950000000045', '钩舌', '15号', 'CRCC或重要件合格证', '套', '24', '952.22', '22853.28', '兰州车辆段及异地车间', null, null, '53172A2C7D66902AE0537F000001902A', TO_DATE('2017-06-29 17:45:45', 'YYYY-MM-DD HH24:MI:SS'), '52D471DC2BD08084E0537F0000018084', '52D875033CA6B0FAE0537F000001B0FA');
INSERT INTO "GYSGLBJ"."E_QUOTE" VALUES ('11', '950000000049', '钩锁铁', '15号C', 'CRCC或重要件合格证', '个', '300', '104.46', '31338', '兰州车辆段及异地车间', null, null, '53172A2C7D67902AE0537F000001902A', TO_DATE('2017-06-29 17:45:45', 'YYYY-MM-DD HH24:MI:SS'), '52D471DC2BD08084E0537F0000018084', '52D875033CA6B0FAE0537F000001B0FA');
INSERT INTO "GYSGLBJ"."E_QUOTE" VALUES ('12', '950000000057', '下锁销', '15C', 'CRCC或重要件合格证', '无', '70', '188.03', '13162.10', '兰州车辆段及异地车间', null, null, '53172A2C7D68902AE0537F000001902A', TO_DATE('2017-06-29 17:45:45', 'YYYY-MM-DD HH24:MI:SS'), '52D471DC2BD08084E0537F0000018084', '52D875033CA6B0FAE0537F000001B0FA');
INSERT INTO "GYSGLBJ"."E_QUOTE" VALUES ('13', '950000000059', '小间隙钩舌', '15号 小间隙', 'CRCC或重要件合格证', '个', '14', '875.88', '12262.32', '兰州车辆段及异地车间', null, null, '53172A2C7D69902AE0537F000001902A', TO_DATE('2017-06-29 17:45:45', 'YYYY-MM-DD HH24:MI:SS'), '52D471DC2BD08084E0537F0000018084', '52D875033CA6B0FAE0537F000001B0FA');
INSERT INTO "GYSGLBJ"."E_QUOTE" VALUES ('14', '950000000071', '解钩手柄', '25T 密接式车钩', 'CRCC或重要件合格证', '套', '1.4', '241.07', '337.50', '兰州车辆段及异地车间', null, null, '53172A2C7D6A902AE0537F000001902A', TO_DATE('2017-06-29 17:45:45', 'YYYY-MM-DD HH24:MI:SS'), '52D471DC2BD08084E0537F0000018084', '52D875033CA6B0FAE0537F000001B0FA');
INSERT INTO "GYSGLBJ"."E_QUOTE" VALUES ('15', '950000000073', '钩舌圆销', '托梁车钩', 'CRCC或重要件合格证', '根', '3', '88.39', '265.17', '兰州车辆段及异地车间', null, null, '53172A2C7D6B902AE0537F000001902A', TO_DATE('2017-06-29 17:45:45', 'YYYY-MM-DD HH24:MI:SS'), '52D471DC2BD08084E0537F0000018084', '52D875033CA6B0FAE0537F000001B0FA');
INSERT INTO "GYSGLBJ"."E_QUOTE" VALUES ('16', '950000000084', '小间隙车钩', '15CX', 'CRCC或重要件合格证', '个', '13.3', '3672.29', '48841.46', '兰州车辆段及异地车间', null, null, '53172A2C7D6C902AE0537F000001902A', TO_DATE('2017-06-29 17:45:45', 'YYYY-MM-DD HH24:MI:SS'), '52D471DC2BD08084E0537F0000018084', '52D875033CA6B0FAE0537F000001B0FA');
INSERT INTO "GYSGLBJ"."E_QUOTE" VALUES ('17', '950000000091', '过渡车钩', '15C', 'CRCC或重要件合格证', '个', '2.4', '7151.73', '17164.15', '兰州车辆段及异地车间', null, null, '53172A2C7D6D902AE0537F000001902A', TO_DATE('2017-06-29 17:45:45', 'YYYY-MM-DD HH24:MI:SS'), '52D471DC2BD08084E0537F0000018084', '52D875033CA6B0FAE0537F000001B0FA');
INSERT INTO "GYSGLBJ"."E_QUOTE" VALUES ('18', '950000000111', '托梁式过渡车钩', '15#', 'CRCC或重要件合格证', '套', '2.4', '30696.18', '73670.83', '兰州车辆段及异地车间', null, null, '53172A2C7D6E902AE0537F000001902A', TO_DATE('2017-06-29 17:45:45', 'YYYY-MM-DD HH24:MI:SS'), '52D471DC2BD08084E0537F0000018084', '52D875033CA6B0FAE0537F000001B0FA');
INSERT INTO "GYSGLBJ"."E_QUOTE" VALUES ('19', '950000000113', '托梁车钩托梁磨耗板', '830×160×55', 'CRCC或重要件合格证', '个', '9', '225', '2025', '兰州车辆段及异地车间', null, null, '53172A2C7D6F902AE0537F000001902A', TO_DATE('2017-06-29 17:45:45', 'YYYY-MM-DD HH24:MI:SS'), '52D471DC2BD08084E0537F0000018084', '52D875033CA6B0FAE0537F000001B0FA');
INSERT INTO "GYSGLBJ"."E_QUOTE" VALUES ('20', '950100000008', '缓冲器', 'G1号', 'CRCC或重要件合格证', '套', '200', '2772.30', '554460', '兰州车辆段及异地车间', null, null, '53172A2C7D70902AE0537F000001902A', TO_DATE('2017-06-29 17:45:45', 'YYYY-MM-DD HH24:MI:SS'), '52D471DC2BD08084E0537F0000018084', '52D875033CA6B0FAE0537F000001B0FA');
INSERT INTO "GYSGLBJ"."E_QUOTE" VALUES ('21', '950100000025', '不锈钢缓解阀', '加长85mm Dg20 B向', 'CRCC或重要件合格证', '套', '21', '144.65', '3037.65', '兰州车辆段及异地车间', null, null, '53172A2C7D71902AE0537F000001902A', TO_DATE('2017-06-29 17:45:45', 'YYYY-MM-DD HH24:MI:SS'), '52D471DC2BD08084E0537F0000018084', '52D875033CA6B0FAE0537F000001B0FA');
INSERT INTO "GYSGLBJ"."E_QUOTE" VALUES ('22', '950100000040', '弹性胶泥缓冲器', 'KC15', 'CRCC或重要件合格证', '套', '4', '21662.41', null, '兰州车辆段及异地车间', null, null, '53172A2C7D72902AE0537F000001902A', TO_DATE('2017-06-29 17:45:45', 'YYYY-MM-DD HH24:MI:SS'), '52D471DC2BD08084E0537F0000018084', '52D875033CA6B0FAE0537F000001B0FA');
INSERT INTO "GYSGLBJ"."E_QUOTE" VALUES ('23', '950100000042', '缓冲器托板', '520×200×14 圆孔孔径20mm', 'CRCC或重要件合格证', '个', '9', '200.90', '1808.10', '兰州车辆段及异地车间', null, null, '53172A2C7D73902AE0537F000001902A', TO_DATE('2017-06-29 17:45:45', 'YYYY-MM-DD HH24:MI:SS'), '52D471DC2BD08084E0537F0000018084', '52D875033CA6B0FAE0537F000001B0FA');
INSERT INTO "GYSGLBJ"."E_QUOTE" VALUES ('24', '950100000065', '缓冲器弹簧盒', 'G1', 'CRCC或重要件合格证', '对', '14', '409.82', '5737.48', '兰州车辆段及异地车间', null, null, '53172A2C7D74902AE0537F000001902A', TO_DATE('2017-06-29 17:45:45', 'YYYY-MM-DD HH24:MI:SS'), '52D471DC2BD08084E0537F0000018084', '52D875033CA6B0FAE0537F000001B0FA');
INSERT INTO "GYSGLBJ"."E_QUOTE" VALUES ('25', '950200000001', '车钩尾框', '15号C', 'CRCC或重要件合格证', '个', '40', '1583.02', '63320.80', '兰州车辆段及异地车间', null, null, '53172A2C7D75902AE0537F000001902A', TO_DATE('2017-06-29 17:45:45', 'YYYY-MM-DD HH24:MI:SS'), '52D471DC2BD08084E0537F0000018084', '52D875033CA6B0FAE0537F000001B0FA');
INSERT INTO "GYSGLBJ"."E_QUOTE" VALUES ('26', '950300000003', '钩尾销', '15号', 'CRCC或重要件合格证', '个', '100', '147.85', '14785', '兰州车辆段及异地车间', null, null, '53172A2C7D76902AE0537F000001902A', TO_DATE('2017-06-29 17:45:45', 'YYYY-MM-DD HH24:MI:SS'), '52D471DC2BD08084E0537F0000018084', '52D875033CA6B0FAE0537F000001B0FA');
INSERT INTO "GYSGLBJ"."E_QUOTE" VALUES ('27', '950300000012', '密接式钩钩尾销螺母', 'MJGH-25T', 'CRCC或重要件合格证', '个', '105', '116.52', '12234.60', '兰州车辆段及异地车间', null, null, '53172A2C7D77902AE0537F000001902A', TO_DATE('2017-06-29 17:45:45', 'YYYY-MM-DD HH24:MI:SS'), '52D471DC2BD08084E0537F0000018084', '52D875033CA6B0FAE0537F000001B0FA');
INSERT INTO "GYSGLBJ"."E_QUOTE" VALUES ('28', '950300000021', '后从板', '15号', 'CRCC或重要件合格证', '块', '6', '327.86', '1967.16', '兰州车辆段及异地车间', null, null, '53172A2C7D78902AE0537F000001902A', TO_DATE('2017-06-29 17:45:45', 'YYYY-MM-DD HH24:MI:SS'), '52D471DC2BD08084E0537F0000018084', '52D875033CA6B0FAE0537F000001B0FA');
INSERT INTO "GYSGLBJ"."E_QUOTE" VALUES ('29', '950300000022', '钩尾扁销', '15C', 'CRCC或重要件合格证', '个', '71.5', '147.05', '10514.08', '兰州车辆段及异地车间', null, null, '53172A2C7D79902AE0537F000001902A', TO_DATE('2017-06-29 17:45:45', 'YYYY-MM-DD HH24:MI:SS'), '52D471DC2BD08084E0537F0000018084', '52D875033CA6B0FAE0537F000001B0FA');
INSERT INTO "GYSGLBJ"."E_QUOTE" VALUES ('30', '950300000026', '下锁销杆', '15号', 'CRCC或重要件合格证', '个', '9', '60.26', '542.34', '兰州车辆段及异地车间', null, null, '53172A2C7D7A902AE0537F000001902A', TO_DATE('2017-06-29 17:45:45', 'YYYY-MM-DD HH24:MI:SS'), '52D471DC2BD08084E0537F0000018084', '52D875033CA6B0FAE0537F000001B0FA');
INSERT INTO "GYSGLBJ"."E_QUOTE" VALUES ('31', '950300000027', '密接式车钩钩尾销', '25DT ', 'CRCC或重要件合格证', '个', '35', '1148.30', '40190.50', '兰州车辆段及异地车间', null, null, '53172A2C7D7B902AE0537F000001902A', TO_DATE('2017-06-29 17:45:45', 'YYYY-MM-DD HH24:MI:SS'), '52D471DC2BD08084E0537F0000018084', '52D875033CA6B0FAE0537F000001B0FA');
INSERT INTO "GYSGLBJ"."E_QUOTE" VALUES ('32', '950900000000', '摆块', '15号', 'CRCC或重要件合格证', '个', '51', '388.12', '19794.12', '兰州车辆段及异地车间', null, null, '53172A2C7D7C902AE0537F000001902A', TO_DATE('2017-06-29 17:45:45', 'YYYY-MM-DD HH24:MI:SS'), '52D471DC2BD08084E0537F0000018084', '52D875033CA6B0FAE0537F000001B0FA');
INSERT INTO "GYSGLBJ"."E_QUOTE" VALUES ('32', '950900000000', '摆块', '15号', 'CRCC或重要件合格证', '个', '51', '388.12', '19794.12', '兰州车辆段及异地车间', null, null, '5300DF85FF6E70FEE0537F00000170FE', TO_DATE('2017-06-28 15:11:10', 'YYYY-MM-DD HH24:MI:SS'), '52D471DC2BD08084E0537F0000018084', '52EDF1DC25058042E0537F0000018042');
INSERT INTO "GYSGLBJ"."E_QUOTE" VALUES ('33', '950900000001', '摆块吊', '15号', 'CRCC或重要件合格证', '个', '236', '84.97', '20052.92', '兰州车辆段及异地车间', null, null, '5300DF85FF6F70FEE0537F00000170FE', TO_DATE('2017-06-28 15:11:10', 'YYYY-MM-DD HH24:MI:SS'), '52D471DC2BD08084E0537F0000018084', '52EDF1DC25058042E0537F0000018042');
INSERT INTO "GYSGLBJ"."E_QUOTE" VALUES ('34', '950900000008', '密接式钩安装螺栓及螺母', 'MJGH-25T M38 L=105mm', 'CRCC或重要件合格证', '套', '78', '278.84', '21749.52', '兰州车辆段及异地车间', null, null, '5300DF85FF7070FEE0537F00000170FE', TO_DATE('2017-06-28 15:11:10', 'YYYY-MM-DD HH24:MI:SS'), '52D471DC2BD08084E0537F0000018084', '52EDF1DC25058042E0537F0000018042');
INSERT INTO "GYSGLBJ"."E_QUOTE" VALUES ('35', '950900000010', '密接式钩安装座', 'MJGH-25T', 'CRCC或重要件合格证', '个', '6', '3374.97', '20249.82', '兰州车辆段及异地车间', null, null, '5300DF85FF7170FEE0537F00000170FE', TO_DATE('2017-06-28 15:11:10', 'YYYY-MM-DD HH24:MI:SS'), '52D471DC2BD08084E0537F0000018084', '52EDF1DC25058042E0537F0000018042');
INSERT INTO "GYSGLBJ"."E_QUOTE" VALUES ('36', '950900000016', '密接式钩关节轴承垫圈', 'MJGH-25T、MJGH-QZ', 'CRCC或重要件合格证', '个', '21', '257.14', '5399.94', '兰州车辆段及异地车间', null, null, '5300DF85FF7270FEE0537F00000170FE', TO_DATE('2017-06-28 15:11:10', 'YYYY-MM-DD HH24:MI:SS'), '52D471DC2BD08084E0537F0000018084', '52EDF1DC25058042E0537F0000018042');
INSERT INTO "GYSGLBJ"."E_QUOTE" VALUES ('37', '950900000032', '密接式钩支撑弹簧盒', 'MJGH-25T、MJGH-QZ', 'CRCC或重要件合格证', '个', '15', '948.21', '14223.15', '兰州车辆段及异地车间', null, null, '5300DF85FF7370FEE0537F00000170FE', TO_DATE('2017-06-28 15:11:10', 'YYYY-MM-DD HH24:MI:SS'), '52D471DC2BD08084E0537F0000018084', '52EDF1DC25058042E0537F0000018042');
INSERT INTO "GYSGLBJ"."E_QUOTE" VALUES ('38', '950900000043', '钩耳垫片', '42.5×52×2', 'CRCC或重要件合格证', '个', '300', '3.85', '1155', '兰州车辆段及异地车间', null, null, '5300DF85FF7470FEE0537F00000170FE', TO_DATE('2017-06-28 15:11:10', 'YYYY-MM-DD HH24:MI:SS'), '52D471DC2BD08084E0537F0000018084', '52EDF1DC25058042E0537F0000018042');
INSERT INTO "GYSGLBJ"."E_QUOTE" VALUES ('39', '950900000046', '钩头磨耗板', '215×145×12', 'CRCC或重要件合格证', '个', '605', '52.28', '31629.40', '兰州车辆段及异地车间', null, null, '5300DF85FF7570FEE0537F00000170FE', TO_DATE('2017-06-28 15:11:10', 'YYYY-MM-DD HH24:MI:SS'), '52D471DC2BD08084E0537F0000018084', '52EDF1DC25058042E0537F0000018042');
INSERT INTO "GYSGLBJ"."E_QUOTE" VALUES ('40', '950900000047', '钩头磨耗板', '215×145×10', 'CRCC或重要件合格证', '个', '275', '35.59', '9787.25', '兰州车辆段及异地车间', null, null, '5300DF85FF7670FEE0537F00000170FE', TO_DATE('2017-06-28 15:11:10', 'YYYY-MM-DD HH24:MI:SS'), '52D471DC2BD08084E0537F0000018084', '52EDF1DC25058042E0537F0000018042');
INSERT INTO "GYSGLBJ"."E_QUOTE" VALUES ('41', '950900000049', '钩头磨耗板', '215×145×8', 'CRCC或重要件合格证', '个', '15', '36.16', '542.40', '兰州车辆段及异地车间', null, null, '5300DF85FF7770FEE0537F00000170FE', TO_DATE('2017-06-28 15:11:10', 'YYYY-MM-DD HH24:MI:SS'), '52D471DC2BD08084E0537F0000018084', '52EDF1DC25058042E0537F0000018042');
INSERT INTO "GYSGLBJ"."E_QUOTE" VALUES ('42', '950900000056', '钩舌', '15CX 小间隙', 'CRCC或重要件合格证', '个', '14.7', '916.06', '13466.08', '兰州车辆段及异地车间', null, null, '5300DF85FF7870FEE0537F00000170FE', TO_DATE('2017-06-28 15:11:10', 'YYYY-MM-DD HH24:MI:SS'), '52D471DC2BD08084E0537F0000018084', '52EDF1DC25058042E0537F0000018042');
INSERT INTO "GYSGLBJ"."E_QUOTE" VALUES ('43', '950900000068', '下锁销杆吊', '15C', 'CRCC或重要件合格证', '套', '21', '39.37', '826.77', '兰州车辆段及异地车间', null, null, '5300DF85FF7970FEE0537F00000170FE', TO_DATE('2017-06-28 15:11:10', 'YYYY-MM-DD HH24:MI:SS'), '52D471DC2BD08084E0537F0000018084', '52EDF1DC25058042E0537F0000018042');
INSERT INTO "GYSGLBJ"."E_QUOTE" VALUES ('44', '950900000095', '锁铁', '二孔', 'CRCC或重要件合格证', '个', '149.8', '127.77', '19139.95', '兰州车辆段及异地车间', null, null, '5300DF85FF7A70FEE0537F00000170FE', TO_DATE('2017-06-28 15:11:10', 'YYYY-MM-DD HH24:MI:SS'), '52D471DC2BD08084E0537F0000018084', '52EDF1DC25058042E0537F0000018042');
INSERT INTO "GYSGLBJ"."E_QUOTE" VALUES ('45', '950900000131', '车钩提杆吊环座', '209 焊接', 'CRCC或重要件合格证', '个', '3', '112.50', '337.50', '兰州车辆段及异地车间', null, null, '5300DF85FF7B70FEE0537F00000170FE', TO_DATE('2017-06-28 15:11:10', 'YYYY-MM-DD HH24:MI:SS'), '52D471DC2BD08084E0537F0000018084', '52EDF1DC25058042E0537F0000018042');
INSERT INTO "GYSGLBJ"."E_QUOTE" VALUES ('46', '950900000145', '连接螺栓组合', 'SYST104 螺母、垫销 8.8级', 'CRCC或重要件合格证', '套', '91', '190.44', '17330.04', '兰州车辆段及异地车间', null, null, '5300DF85FF7C70FEE0537F00000170FE', TO_DATE('2017-06-28 15:11:10', 'YYYY-MM-DD HH24:MI:SS'), '52D471DC2BD08084E0537F0000018084', '52EDF1DC25058042E0537F0000018042');
INSERT INTO "GYSGLBJ"."E_QUOTE" VALUES ('47', '950900000168', '车钩提杆吊座组成', '15', 'CRCC或重要件合格证', '个', '35', '120.54', '4218.90', '兰州车辆段及异地车间', null, null, '5300DF85FF7D70FEE0537F00000170FE', TO_DATE('2017-06-28 15:11:10', 'YYYY-MM-DD HH24:MI:SS'), '52D471DC2BD08084E0537F0000018084', '52EDF1DC25058042E0537F0000018042');
INSERT INTO "GYSGLBJ"."E_QUOTE" VALUES ('48', '950900000186', '钩舌', '15C', 'CRCC或重要件合格证', '个', '495.6', '333.54', '165302.42', '兰州车辆段及异地车间', null, null, '5300DF85FF7E70FEE0537F00000170FE', TO_DATE('2017-06-28 15:11:10', 'YYYY-MM-DD HH24:MI:SS'), '52D471DC2BD08084E0537F0000018084', '52EDF1DC25058042E0537F0000018042');
INSERT INTO "GYSGLBJ"."E_QUOTE" VALUES ('49', '950900000221', '密接钩链', 'L=750mm 25T', 'CRCC或重要件合格证', '套', '35', '54.64', '1912.40', '兰州车辆段及异地车间', null, null, '5300DF85FF7F70FEE0537F00000170FE', TO_DATE('2017-06-28 15:11:10', 'YYYY-MM-DD HH24:MI:SS'), '52D471DC2BD08084E0537F0000018084', '52EDF1DC25058042E0537F0000018042');
INSERT INTO "GYSGLBJ"."E_QUOTE" VALUES ('50', '950900000291', '密接钩套Ⅰ', 'Φ105×Φ90×60', 'CRCC或重要件合格证', '个', '168', '188.83', '31723.44', '兰州车辆段及异地车间', null, null, '5300DF85FF8070FEE0537F00000170FE', TO_DATE('2017-06-28 15:11:10', 'YYYY-MM-DD HH24:MI:SS'), '52D471DC2BD08084E0537F0000018084', '52EDF1DC25058042E0537F0000018042');
INSERT INTO "GYSGLBJ"."E_QUOTE" VALUES ('51', '950900000292', '密接钩套Ⅱ', 'Φ90×Φ70×66', 'CRCC或重要件合格证', '个', '218', '220.98', '48173.64', '兰州车辆段及异地车间', null, null, '5300DF85FF8170FEE0537F00000170FE', TO_DATE('2017-06-28 15:11:10', 'YYYY-MM-DD HH24:MI:SS'), '52D471DC2BD08084E0537F0000018084', '52EDF1DC25058042E0537F0000018042');

-- ----------------------------
-- Table structure for E_SUPPLIER
-- ----------------------------
DROP TABLE "GYSGLBJ"."E_SUPPLIER";
CREATE TABLE "GYSGLBJ"."E_SUPPLIER" (
"GYSBH" VARCHAR2(255 BYTE) NULL ,
"SHXYDM" VARCHAR2(255 BYTE) NULL ,
"YYZZZCH" VARCHAR2(255 BYTE) NULL ,
"QYMC" VARCHAR2(255 BYTE) NULL ,
"FDDBR" VARCHAR2(255 BYTE) NULL ,
"FDDBRDH" VARCHAR2(255 BYTE) NULL ,
"SSS" VARCHAR2(255 BYTE) NULL ,
"SSS1" VARCHAR2(255 BYTE) NULL ,
"ZS" VARCHAR2(255 BYTE) NULL ,
"ZCZB" VARCHAR2(255 BYTE) NULL ,
"CLRQ" VARCHAR2(255 BYTE) NULL ,
"YYQX" VARCHAR2(255 BYTE) NULL ,
"QYLX" VARCHAR2(255 BYTE) NULL ,
"ZZJGDM" VARCHAR2(255 BYTE) NULL ,
"SWDJH" VARCHAR2(255 BYTE) NULL ,
"YXQ" VARCHAR2(255 BYTE) NULL ,
"YWLXR" VARCHAR2(255 BYTE) NULL ,
"LXRSJ" VARCHAR2(255 BYTE) NULL ,
"BGCZ" VARCHAR2(255 BYTE) NULL ,
"BGDH" VARCHAR2(255 BYTE) NULL ,
"LXRYX" VARCHAR2(255 BYTE) NULL ,
"LXRZW" VARCHAR2(255 BYTE) NULL ,
"BGDZ" VARCHAR2(255 BYTE) NULL ,
"ZZZS" VARCHAR2(255 BYTE) NULL ,
"BLGYSCFZQ" VARCHAR2(255 BYTE) NULL ,
"HMD" VARCHAR2(255 BYTE) NULL ,
"BLGYSXYPJDJ" VARCHAR2(255 BYTE) NULL ,
"GYSJYFW" VARCHAR2(255 BYTE) NULL ,
"ID" VARCHAR2(50 BYTE) DEFAULT sys_guid()  NOT NULL ,
"ENTRY_TIME" DATE DEFAULT sysdate  NULL ,
"CERTIFICATE_ID" VARCHAR2(50 BYTE) NULL 
)
LOGGING
NOCOMPRESS
NOCACHE

;
COMMENT ON TABLE "GYSGLBJ"."E_SUPPLIER" IS '供应商表';
COMMENT ON COLUMN "GYSGLBJ"."E_SUPPLIER"."GYSBH" IS '供应商编号';
COMMENT ON COLUMN "GYSGLBJ"."E_SUPPLIER"."SHXYDM" IS '社会信用代码';
COMMENT ON COLUMN "GYSGLBJ"."E_SUPPLIER"."YYZZZCH" IS '营业执照注册号';
COMMENT ON COLUMN "GYSGLBJ"."E_SUPPLIER"."QYMC" IS '企业名称';
COMMENT ON COLUMN "GYSGLBJ"."E_SUPPLIER"."FDDBR" IS '法定代表人';
COMMENT ON COLUMN "GYSGLBJ"."E_SUPPLIER"."FDDBRDH" IS '法定代表人电话';
COMMENT ON COLUMN "GYSGLBJ"."E_SUPPLIER"."SSS" IS '所属省';
COMMENT ON COLUMN "GYSGLBJ"."E_SUPPLIER"."SSS1" IS '所属市';
COMMENT ON COLUMN "GYSGLBJ"."E_SUPPLIER"."ZS" IS '住所';
COMMENT ON COLUMN "GYSGLBJ"."E_SUPPLIER"."ZCZB" IS '注册资本';
COMMENT ON COLUMN "GYSGLBJ"."E_SUPPLIER"."CLRQ" IS '成立日期';
COMMENT ON COLUMN "GYSGLBJ"."E_SUPPLIER"."YYQX" IS '营业期限';
COMMENT ON COLUMN "GYSGLBJ"."E_SUPPLIER"."QYLX" IS '企业类型';
COMMENT ON COLUMN "GYSGLBJ"."E_SUPPLIER"."ZZJGDM" IS '组织机构代码';
COMMENT ON COLUMN "GYSGLBJ"."E_SUPPLIER"."SWDJH" IS '税务登记号';
COMMENT ON COLUMN "GYSGLBJ"."E_SUPPLIER"."YXQ" IS '有效期';
COMMENT ON COLUMN "GYSGLBJ"."E_SUPPLIER"."YWLXR" IS '业务联系人';
COMMENT ON COLUMN "GYSGLBJ"."E_SUPPLIER"."LXRSJ" IS '联系人手机';
COMMENT ON COLUMN "GYSGLBJ"."E_SUPPLIER"."BGCZ" IS '办公传真';
COMMENT ON COLUMN "GYSGLBJ"."E_SUPPLIER"."BGDH" IS '办公电话';
COMMENT ON COLUMN "GYSGLBJ"."E_SUPPLIER"."LXRYX" IS '联系人邮箱';
COMMENT ON COLUMN "GYSGLBJ"."E_SUPPLIER"."LXRZW" IS '联系人职务';
COMMENT ON COLUMN "GYSGLBJ"."E_SUPPLIER"."BGDZ" IS '办公地址';
COMMENT ON COLUMN "GYSGLBJ"."E_SUPPLIER"."ZZZS" IS '资质证书';
COMMENT ON COLUMN "GYSGLBJ"."E_SUPPLIER"."BLGYSCFZQ" IS '不良供应商处罚周期';
COMMENT ON COLUMN "GYSGLBJ"."E_SUPPLIER"."HMD" IS '黑名单';
COMMENT ON COLUMN "GYSGLBJ"."E_SUPPLIER"."BLGYSXYPJDJ" IS '不良供应商信用评价等级';
COMMENT ON COLUMN "GYSGLBJ"."E_SUPPLIER"."GYSJYFW" IS '供应商经营范围';
COMMENT ON COLUMN "GYSGLBJ"."E_SUPPLIER"."ID" IS 'ID';
COMMENT ON COLUMN "GYSGLBJ"."E_SUPPLIER"."ENTRY_TIME" IS '录入时间';
COMMENT ON COLUMN "GYSGLBJ"."E_SUPPLIER"."CERTIFICATE_ID" IS '资质证书ID';

-- ----------------------------
-- Records of E_SUPPLIER
-- ----------------------------
INSERT INTO "GYSGLBJ"."E_SUPPLIER" VALUES ('GD002', '911309267886685076', '23456', '沧州大唐铁路工程有限公司', '李红艳', '1899999999', '河北省', '沧州市', '肃宁县纬北东路南侧', '6020万元', '2017-06-14', '20300511', '有限责任（公司）', '78866850-7', '130926788668507', '20300511', '刘天浩', '13643371188', null, null, '583313542@qq.com', null, null, null, null, null, null, null, '52D471DC2BD08084E0537F0000018084', TO_DATE('2017-06-26 10:09:45', 'YYYY-MM-DD HH24:MI:SS'), null);
INSERT INTO "GYSGLBJ"."E_SUPPLIER" VALUES ('GD003', '23232222', '510105000081484', '成都星科创光电子技术有限公司', '于秋鹤', '1899999999', '四川省', '成都市', '成都市青羊区大安东路61号太升大厦6楼C座', '1010万元', '2017-06-07', '长期', '其它有限责任（公司）', '73020724-9', '510105730207249', '20170325', '于海东', '18708156669', '028-86921059', '028-86921059', 'server@cdxkc.com', null, null, null, null, null, null, null, '52D471DC2BD18084E0537F0000018084', TO_DATE('2017-06-26 10:09:45', 'YYYY-MM-DD HH24:MI:SS'), null);
INSERT INTO "GYSGLBJ"."E_SUPPLIER" VALUES ('12312', '21312', '123', '12313123123', '123112312', '13123', null, null, null, null, null, null, null, null, null, null, null, null, null, null, null, null, null, null, null, null, null, null, '52FC3373DEAF30E6E0537F00000130E6', TO_DATE('2017-06-28 09:35:37', 'YYYY-MM-DD HH24:MI:SS'), null);
INSERT INTO "GYSGLBJ"."E_SUPPLIER" VALUES ('GD001', null, '110108015629782', '北京中丹联拓电气有限公司', '李耀忠', '1899999999', '北京市', '北京市市辖区', '北京市海淀区北三环西路48号2号楼9层10D', '5000万元', '2017-06-23', '20330219', '有限责任（公司）', '06280779-0', '110108062807790', '20190128', '吴汉桥', '18201082211', '010-51726589', '010-52907390', '250749095@qq.com', null, '北京市海淀区北三环西路48号2号楼10D', null, null, null, null, null, '52D471DC2BCF8084E0537F0000018084', TO_DATE('2017-06-26 10:09:45', 'YYYY-MM-DD HH24:MI:SS'), null);
INSERT INTO "GYSGLBJ"."E_SUPPLIER" VALUES ('123123123', '3123', null, null, null, null, null, null, null, null, null, null, null, null, null, null, null, null, null, null, null, null, null, null, null, null, null, null, '52FCBA7E3FA1D0BCE0537F000001D0BC', TO_DATE('2017-06-28 10:13:22', 'YYYY-MM-DD HH24:MI:SS'), null);
INSERT INTO "GYSGLBJ"."E_SUPPLIER" VALUES ('3213', '12123', '21312', null, null, null, null, null, null, null, null, null, null, null, null, null, null, null, null, null, null, null, null, null, null, null, null, null, '52FCBA7E3FA2D0BCE0537F000001D0BC', TO_DATE('2017-06-28 10:13:29', 'YYYY-MM-DD HH24:MI:SS'), null);
INSERT INTO "GYSGLBJ"."E_SUPPLIER" VALUES ('12314244124', '1412123', null, null, null, null, null, null, null, null, null, null, null, null, null, null, null, null, null, null, null, null, null, null, null, null, null, null, '52FCBA7E3FA3D0BCE0537F000001D0BC', TO_DATE('2017-06-28 10:13:40', 'YYYY-MM-DD HH24:MI:SS'), null);
INSERT INTO "GYSGLBJ"."E_SUPPLIER" VALUES ('qwrqwe', 'qweqwe', 'qwe', null, null, null, null, null, null, null, null, null, null, null, null, null, null, null, null, null, null, null, null, null, null, null, null, null, '52FCBA7E3FA4D0BCE0537F000001D0BC', TO_DATE('2017-06-28 10:13:47', 'YYYY-MM-DD HH24:MI:SS'), null);
INSERT INTO "GYSGLBJ"."E_SUPPLIER" VALUES ('2313', '12412', '2142', null, null, null, null, null, null, null, null, null, null, null, null, null, null, null, null, null, null, null, null, null, null, null, null, null, '52FCBA7E3FA5D0BCE0537F000001D0BC', TO_DATE('2017-06-28 10:13:53', 'YYYY-MM-DD HH24:MI:SS'), null);
INSERT INTO "GYSGLBJ"."E_SUPPLIER" VALUES ('123123', '23123', '123123', '123123', null, null, null, null, null, null, null, null, null, null, null, null, null, null, null, null, null, null, null, null, null, null, null, null, '52FCBA7E3FA7D0BCE0537F000001D0BC', TO_DATE('2017-06-28 10:14:09', 'YYYY-MM-DD HH24:MI:SS'), null);
INSERT INTO "GYSGLBJ"."E_SUPPLIER" VALUES ('1', null, null, null, null, null, null, null, null, null, null, null, null, null, null, null, null, null, null, null, null, null, null, null, null, null, null, null, '52FCBA7E3FA8D0BCE0537F000001D0BC', TO_DATE('2017-06-28 10:17:12', 'YYYY-MM-DD HH24:MI:SS'), null);
INSERT INTO "GYSGLBJ"."E_SUPPLIER" VALUES ('2', null, null, null, null, null, null, null, null, null, null, null, null, null, null, null, null, null, null, null, null, null, null, null, null, null, null, null, '52FCBA7E3FA9D0BCE0537F000001D0BC', TO_DATE('2017-06-28 10:17:17', 'YYYY-MM-DD HH24:MI:SS'), null);
INSERT INTO "GYSGLBJ"."E_SUPPLIER" VALUES ('3', null, null, null, null, null, null, null, null, null, null, null, null, null, null, null, null, null, null, null, null, null, null, null, null, null, null, null, '52FCBA7E3FAAD0BCE0537F000001D0BC', TO_DATE('2017-06-28 10:17:22', 'YYYY-MM-DD HH24:MI:SS'), null);
INSERT INTO "GYSGLBJ"."E_SUPPLIER" VALUES ('31', null, null, null, null, null, null, null, null, null, null, null, null, null, null, null, null, null, null, null, null, null, null, null, null, null, null, null, '52FCBA7E3FABD0BCE0537F000001D0BC', TO_DATE('2017-06-28 10:17:27', 'YYYY-MM-DD HH24:MI:SS'), null);
INSERT INTO "GYSGLBJ"."E_SUPPLIER" VALUES ('qweqwqwe', null, null, null, null, null, null, null, null, null, null, null, null, null, null, null, null, null, null, null, null, null, null, null, null, null, null, null, '52FCBA7E3FACD0BCE0537F000001D0BC', TO_DATE('2017-06-28 10:17:32', 'YYYY-MM-DD HH24:MI:SS'), null);
INSERT INTO "GYSGLBJ"."E_SUPPLIER" VALUES ('dq d das da', null, null, null, null, null, null, null, null, null, null, null, null, null, null, null, null, null, null, null, null, null, null, null, null, null, null, null, '52FCBA7E3FADD0BCE0537F000001D0BC', TO_DATE('2017-06-28 10:17:39', 'YYYY-MM-DD HH24:MI:SS'), null);
INSERT INTO "GYSGLBJ"."E_SUPPLIER" VALUES ('qweq', 'qweqwe', 'qwe', 'qweqweq', null, null, null, null, null, null, null, null, null, null, null, null, null, null, null, null, null, null, null, null, null, null, null, null, '52FCBA7E3FAED0BCE0537F000001D0BC', TO_DATE('2017-06-28 10:17:46', 'YYYY-MM-DD HH24:MI:SS'), null);
INSERT INTO "GYSGLBJ"."E_SUPPLIER" VALUES ('qwe', 'qwe', 'qweqwe', 'qweqw', 'eqweqw', 'qweqw', 'eqweqwe', null, null, null, null, null, null, null, null, null, null, null, null, null, null, null, null, null, null, null, null, null, '52FCBA7E3FAFD0BCE0537F000001D0BC', TO_DATE('2017-06-28 10:17:55', 'YYYY-MM-DD HH24:MI:SS'), null);
INSERT INTO "GYSGLBJ"."E_SUPPLIER" VALUES ('12312312312', '231', null, null, null, null, null, null, null, null, null, null, null, null, '1', null, null, null, null, null, null, null, null, null, null, null, null, null, '52FCBA7E3FB0D0BCE0537F000001D0BC', TO_DATE('2017-06-28 10:18:07', 'YYYY-MM-DD HH24:MI:SS'), null);
INSERT INTO "GYSGLBJ"."E_SUPPLIER" VALUES ('31231', '41241241', '4123412', null, null, null, null, null, null, null, null, null, null, null, null, null, null, null, null, null, null, null, null, null, null, null, null, null, '52FCBA7E3FB1D0BCE0537F000001D0BC', TO_DATE('2017-06-28 10:18:14', 'YYYY-MM-DD HH24:MI:SS'), null);
INSERT INTO "GYSGLBJ"."E_SUPPLIER" VALUES ('12312qe312312', '3123', '2312', '12', null, null, null, null, null, null, null, null, null, null, null, null, null, null, null, null, null, null, null, null, null, null, null, null, '52FCBA7E3FB2D0BCE0537F000001D0BC', TO_DATE('2017-06-28 10:18:30', 'YYYY-MM-DD HH24:MI:SS'), null);
INSERT INTO "GYSGLBJ"."E_SUPPLIER" VALUES ('1312312', '123123', null, null, null, null, null, null, null, null, null, null, null, null, null, null, null, null, null, null, null, null, null, null, null, null, null, null, '52FCBA7E3FB3D0BCE0537F000001D0BC', TO_DATE('2017-06-28 10:18:38', 'YYYY-MM-DD HH24:MI:SS'), null);

-- ----------------------------
-- Table structure for E_SUPPLIER_CERTIFICATE
-- ----------------------------
DROP TABLE "GYSGLBJ"."E_SUPPLIER_CERTIFICATE";
CREATE TABLE "GYSGLBJ"."E_SUPPLIER_CERTIFICATE" (
"SUPPLIER_ID" VARCHAR2(50 BYTE) NULL ,
"CERTIFICATE_ID" VARCHAR2(50 BYTE) NULL 
)
LOGGING
NOCOMPRESS
NOCACHE

;
COMMENT ON TABLE "GYSGLBJ"."E_SUPPLIER_CERTIFICATE" IS '中间表';

-- ----------------------------
-- Records of E_SUPPLIER_CERTIFICATE
-- ----------------------------

-- ----------------------------
-- View structure for VIEW_DIC_USER
-- ----------------------------
CREATE OR REPLACE FORCE VIEW "GYSGLBJ"."VIEW_DIC_USER" AS 
select r.role_name, t.ID, t.USER_NAME,t.passwd, t.USER_CODE, t.OFFICE_ID, t.UNIT_ID, t.ROLE_ID, t.REMARK, t.entry_time, t.PARENT_ID from DIC_USER t left join dic_role r on t.role_id = r.id;

-- ----------------------------
-- View structure for VIEW_QUOTE
-- ----------------------------
CREATE OR REPLACE FORCE VIEW "GYSGLBJ"."VIEW_QUOTE" AS 
SELECT
GYSGLBJ.E_QUOTE.BJH,
GYSGLBJ.E_QUOTE.WZBM,
GYSGLBJ.E_QUOTE.WZMC,
GYSGLBJ.E_QUOTE.GGXH,
GYSGLBJ.E_QUOTE.JSYQ,
GYSGLBJ.E_QUOTE.JLDW,
GYSGLBJ.E_QUOTE.YCSL,
GYSGLBJ.E_QUOTE.DJXJ_BHS,
GYSGLBJ.E_QUOTE.ZXJ_BHS,
GYSGLBJ.E_QUOTE.SYDWJDQ,
GYSGLBJ.E_QUOTE.CSBDJ_BHS,
GYSGLBJ.E_QUOTE.CSBZXJ_BHS,
GYSGLBJ.E_QUOTE.ID,
GYSGLBJ.E_QUOTE.ENTRY_TIME,
GYSGLBJ.E_QUOTE.SUPPLIER_ID,
GYSGLBJ.E_QUOTE.PROJECT_ID,
GYSGLBJ.E_SUPPLIER.QYMC,
GYSGLBJ.E_SUPPLIER.GYSBH
FROM
GYSGLBJ.E_QUOTE
LEFT JOIN GYSGLBJ.E_SUPPLIER ON GYSGLBJ.E_QUOTE.SUPPLIER_ID = GYSGLBJ.E_SUPPLIER.ID;

-- ----------------------------
-- Sequence structure for DIC_POPEDOM_XH
-- ----------------------------
DROP SEQUENCE "GYSGLBJ"."DIC_POPEDOM_XH";
CREATE SEQUENCE "GYSGLBJ"."DIC_POPEDOM_XH"
 INCREMENT BY 1
 MINVALUE 1
 MAXVALUE 999999999999999999999999999
 START WITH 335
 CACHE 20;

-- ----------------------------
-- Indexes structure for table DIC_POPEDOM
-- ----------------------------

-- ----------------------------
-- Triggers structure for table DIC_POPEDOM
-- ----------------------------
CREATE OR REPLACE TRIGGER "GYSGLBJ"."DIC_POPEDOM_XH_TRIGGER" BEFORE INSERT ON "GYSGLBJ"."DIC_POPEDOM" REFERENCING OLD AS "OLD" NEW AS "NEW" FOR EACH ROW WHEN (new.XH is null)
begin
  select DIC_POPEDOM_XH.nextval into :new.XH from sys.dual;
end dic_popedom_xh_trigger;

-- ----------------------------
-- Checks structure for table DIC_POPEDOM
-- ----------------------------
ALTER TABLE "GYSGLBJ"."DIC_POPEDOM" ADD CHECK ("ID" IS NOT NULL);
ALTER TABLE "GYSGLBJ"."DIC_POPEDOM" ADD CHECK ("ID" IS NOT NULL);

-- ----------------------------
-- Primary Key structure for table DIC_POPEDOM
-- ----------------------------
ALTER TABLE "GYSGLBJ"."DIC_POPEDOM" ADD PRIMARY KEY ("ID");

-- ----------------------------
-- Indexes structure for table DIC_ROLE
-- ----------------------------

-- ----------------------------
-- Checks structure for table DIC_ROLE
-- ----------------------------
ALTER TABLE "GYSGLBJ"."DIC_ROLE" ADD CHECK ("ID" IS NOT NULL);
ALTER TABLE "GYSGLBJ"."DIC_ROLE" ADD CHECK ("ID" IS NOT NULL);

-- ----------------------------
-- Primary Key structure for table DIC_ROLE
-- ----------------------------
ALTER TABLE "GYSGLBJ"."DIC_ROLE" ADD PRIMARY KEY ("ID");

-- ----------------------------
-- Indexes structure for table DIC_ROLE_POPEDOM
-- ----------------------------

-- ----------------------------
-- Checks structure for table DIC_ROLE_POPEDOM
-- ----------------------------
ALTER TABLE "GYSGLBJ"."DIC_ROLE_POPEDOM" ADD CHECK ("ID" IS NOT NULL);

-- ----------------------------
-- Primary Key structure for table DIC_ROLE_POPEDOM
-- ----------------------------
ALTER TABLE "GYSGLBJ"."DIC_ROLE_POPEDOM" ADD PRIMARY KEY ("ID");

-- ----------------------------
-- Indexes structure for table DIC_USER
-- ----------------------------

-- ----------------------------
-- Checks structure for table DIC_USER
-- ----------------------------
ALTER TABLE "GYSGLBJ"."DIC_USER" ADD CHECK ("ID" IS NOT NULL);

-- ----------------------------
-- Primary Key structure for table DIC_USER
-- ----------------------------
ALTER TABLE "GYSGLBJ"."DIC_USER" ADD PRIMARY KEY ("ID");

-- ----------------------------
-- Indexes structure for table E_CERTIFICATE
-- ----------------------------

-- ----------------------------
-- Primary Key structure for table E_CERTIFICATE
-- ----------------------------
ALTER TABLE "GYSGLBJ"."E_CERTIFICATE" ADD PRIMARY KEY ("ID");

-- ----------------------------
-- Indexes structure for table E_PROJECT
-- ----------------------------

-- ----------------------------
-- Primary Key structure for table E_PROJECT
-- ----------------------------
ALTER TABLE "GYSGLBJ"."E_PROJECT" ADD PRIMARY KEY ("ID");

-- ----------------------------
-- Indexes structure for table E_QUOTE
-- ----------------------------

-- ----------------------------
-- Checks structure for table E_QUOTE
-- ----------------------------
ALTER TABLE "GYSGLBJ"."E_QUOTE" ADD CHECK ("ID" IS NOT NULL);

-- ----------------------------
-- Primary Key structure for table E_QUOTE
-- ----------------------------
ALTER TABLE "GYSGLBJ"."E_QUOTE" ADD PRIMARY KEY ("ID");

-- ----------------------------
-- Indexes structure for table E_SUPPLIER
-- ----------------------------

-- ----------------------------
-- Checks structure for table E_SUPPLIER
-- ----------------------------
ALTER TABLE "GYSGLBJ"."E_SUPPLIER" ADD CHECK ("ID" IS NOT NULL);

-- ----------------------------
-- Primary Key structure for table E_SUPPLIER
-- ----------------------------
ALTER TABLE "GYSGLBJ"."E_SUPPLIER" ADD PRIMARY KEY ("ID");

-- ----------------------------
-- Foreign Key structure for table "GYSGLBJ"."DIC_ROLE_POPEDOM"
-- ----------------------------
ALTER TABLE "GYSGLBJ"."DIC_ROLE_POPEDOM" ADD FOREIGN KEY ("POPEDOM_ID") REFERENCES "GYSGLBJ"."DIC_POPEDOM" ("ID") ON DELETE CASCADE;
ALTER TABLE "GYSGLBJ"."DIC_ROLE_POPEDOM" ADD FOREIGN KEY ("ROLE_ID") REFERENCES "GYSGLBJ"."DIC_ROLE" ("ID") ON DELETE CASCADE;

-- ----------------------------
-- Foreign Key structure for table "GYSGLBJ"."DIC_USER"
-- ----------------------------
ALTER TABLE "GYSGLBJ"."DIC_USER" ADD FOREIGN KEY ("ROLE_ID") REFERENCES "GYSGLBJ"."DIC_ROLE" ("ID") ON DELETE SET NULL;

-- ----------------------------
-- Foreign Key structure for table "GYSGLBJ"."E_CERTIFICATE"
-- ----------------------------
ALTER TABLE "GYSGLBJ"."E_CERTIFICATE" ADD FOREIGN KEY ("SUPPLIER_ID") REFERENCES "GYSGLBJ"."E_SUPPLIER" ("ID") ON DELETE CASCADE;

-- ----------------------------
-- Foreign Key structure for table "GYSGLBJ"."E_QUOTE"
-- ----------------------------
ALTER TABLE "GYSGLBJ"."E_QUOTE" ADD FOREIGN KEY ("PROJECT_ID") REFERENCES "GYSGLBJ"."E_PROJECT" ("ID");
ALTER TABLE "GYSGLBJ"."E_QUOTE" ADD FOREIGN KEY ("SUPPLIER_ID") REFERENCES "GYSGLBJ"."E_SUPPLIER" ("ID");

-- ----------------------------
-- Foreign Key structure for table "GYSGLBJ"."E_SUPPLIER_CERTIFICATE"
-- ----------------------------
ALTER TABLE "GYSGLBJ"."E_SUPPLIER_CERTIFICATE" ADD FOREIGN KEY ("CERTIFICATE_ID") REFERENCES "GYSGLBJ"."E_CERTIFICATE" ("ID") ON DELETE CASCADE;
ALTER TABLE "GYSGLBJ"."E_SUPPLIER_CERTIFICATE" ADD FOREIGN KEY ("SUPPLIER_ID") REFERENCES "GYSGLBJ"."E_SUPPLIER" ("ID") ON DELETE CASCADE;
